BEGIN TRANSACTION;
CREATE TABLE IF NOT EXISTS "Labels" (
	"ID"	INTEGER NOT NULL,
	"Name"	TEXT NOT NULL,
	PRIMARY KEY("ID" AUTOINCREMENT)
);
CREATE TABLE IF NOT EXISTS "Users" (
	"ID"	INTEGER NOT NULL,
	"Full name"	TEXT NOT NULL,
	"VOIP"	INTEGER,
	"Email"	TEXT,
	"UserName"	TEXT UNIQUE,
	"Team"	INTEGER,
	PRIMARY KEY("ID")
);
CREATE TABLE IF NOT EXISTS "Teams" (
	"ID"	INTEGER NOT NULL,
	"Full name"	TEXT NOT NULL,
	"Team leader"	INTEGER NOT NULL,
	"Mador"	TEXT NOT NULL,
	"Anaf"	TEXT NOT NULL,
	"Merkaz"	TEXT NOT NULL,
	"Yehida"	TEXT NOT NULL,
	PRIMARY KEY("ID" AUTOINCREMENT),
	FOREIGN KEY("Team leader") REFERENCES "Users"("ID")
);
CREATE TABLE IF NOT EXISTS "UsersLabels" (
	"UserID"	INTEGER NOT NULL,
	"LabelsID"	INTEGER NOT NULL,
	PRIMARY KEY("UserID","LabelsID"),
	FOREIGN KEY("LabelsID") REFERENCES "Labels"("ID"),
	FOREIGN KEY("UserID") REFERENCES "Users"("ID")
);
CREATE TABLE IF NOT EXISTS "Posts" (
	"ID"	INTEGER NOT NULL,
	"UserID"	INTEGER NOT NULL,
	"Title"	TEXT NOT NULL,
	"Date"	TEXT NOT NULL,
	"Views"	INTEGER,
	"Likes"	INTEGER,
	"Unlikes"	INTEGER,
	"Description"	TEXT,
	"Picture"	BLOB,
	PRIMARY KEY("ID" AUTOINCREMENT),
	FOREIGN KEY("UserID") REFERENCES "Users"("ID")
);
CREATE TABLE IF NOT EXISTS "PostsLabels" (
	"PostID"	INTEGER NOT NULL,
	"LabelsID"	INTEGER NOT NULL,
	PRIMARY KEY("PostID","LabelsID"),
	FOREIGN KEY("LabelsID") REFERENCES "Labels"("ID"),
	FOREIGN KEY("PostID") REFERENCES "Posts"("ID")
);
INSERT INTO "Labels" VALUES (1,'110');
INSERT INTO "Labels" VALUES (2,'c#');
INSERT INTO "Labels" VALUES (3,'screws');
INSERT INTO "Labels" VALUES (4,'Welding');
INSERT INTO "Labels" VALUES (5,'electrical power');
INSERT INTO "Labels" VALUES (6,'190');
INSERT INTO "Labels" VALUES (7,'130');
INSERT INTO "Labels" VALUES (8,'150');
INSERT INTO "Labels" VALUES (9,'160');
INSERT INTO "Labels" VALUES (10,'python');
INSERT INTO "Labels" VALUES (11,'SQL');
INSERT INTO "Labels" VALUES (12,'FLOW');
INSERT INTO "Labels" VALUES (13,'Sort');
INSERT INTO "Labels" VALUES (14,'RF');
INSERT INTO "Labels" VALUES (15,'Machines');
INSERT INTO "Labels" VALUES (16,'DB');
INSERT INTO "Labels" VALUES (17,'Weather');
INSERT INTO "Labels" VALUES (18,'C++');
INSERT INTO "Labels" VALUES (19,'JAVA');
INSERT INTO "Labels" VALUES (20,'Land types');
INSERT INTO "Users" VALUES (123456,'adir abu',9959,'adir@gmail.com','adirAbu','de vinci');
INSERT INTO "Users" VALUES (123457,'revi tal',9960,'rev@gmail.com','revrev','rocket');
INSERT INTO "Users" VALUES (123458,'ofir sha',9977,'ofir@gmail.com','ofiruha','zero');
INSERT INTO "Users" VALUES (123459,'ofir shtern
',9954,'pipi@gmail.com','ofirush','de vinci');
INSERT INTO "Users" VALUES (333213,'omer rimon',2619,'omer@neta.co.il','omeron','zero');
INSERT INTO "Users" VALUES (333413,'Maya barak
',2332,'maya@gmail.com','Mayush
','rocket');
INSERT INTO "Users" VALUES (333414,'gila glasser',2324,'gila@gmail.com','gilgil','buba');
INSERT INTO "Users" VALUES (333415,'david ber
',3234,'david@gmail.com','davdav
','toy');
INSERT INTO "Users" VALUES (333416,'gilad ner',5446,'gilad@gmail.com','giladi','game');
INSERT INTO "Teams" VALUES (1,'rocket',333413,'buba','game','43','8200');
INSERT INTO "Teams" VALUES (2,'de vinci',123456,'buba','game','43','8200');
INSERT INTO "Teams" VALUES (3,'zero',333213,'toy','game','43','8200');
INSERT INTO "UsersLabels" VALUES (123459,3);
INSERT INTO "UsersLabels" VALUES (123459,4);
INSERT INTO "UsersLabels" VALUES (123459,5);
INSERT INTO "UsersLabels" VALUES (123456,19);
INSERT INTO "UsersLabels" VALUES (123456,18);
INSERT INTO "UsersLabels" VALUES (123456,2);
INSERT INTO "UsersLabels" VALUES (333413,11);
INSERT INTO "UsersLabels" VALUES (333413,12);
INSERT INTO "UsersLabels" VALUES (333414,1);
INSERT INTO "UsersLabels" VALUES (123457,7);
INSERT INTO "UsersLabels" VALUES (123457,8);
INSERT INTO "UsersLabels" VALUES (123457,11);
INSERT INTO "UsersLabels" VALUES (333415,6);
INSERT INTO "UsersLabels" VALUES (333213,15);
INSERT INTO "UsersLabels" VALUES (333213,20);
INSERT INTO "UsersLabels" VALUES (333213,17);
INSERT INTO "UsersLabels" VALUES (123459,13);
INSERT INTO "UsersLabels" VALUES (123459,14);
INSERT INTO "Posts" VALUES (13,333213,'נשיא סוריה','28.06.2020',6,2,1,'באשר חאפז אל אסד הוא נשיאה הנוכחי של סוריה מיוני 2000, בנו של הנשיא הקודם, חאפז אל-אסד.','');
INSERT INTO "Posts" VALUES (20,123459,'סוגי ברגים','28.06.2020',13,10,1,'אפשר לחלק את סוגי הברגים ל-3 קבוצות בהתאם למראה הבורג עצמו:

בורג רינג. זהו בורג נפוץ ובסיסי אשר קצהו שטוח. זהו בורג המשמש לחיזוק או להרכבה על ידי השחלה למקום המיועד להברגה וחיזוק על ידי אום מתאים. בורג זה נחשב לחזק מאד.

בורג קודח. זהו בורג עם קצה בצורת שפיץ. בגלל חוזקו הוא בשימוש נפוץ לקידוח בברזל, עץ, ואלומיניום.

בורג אלן. קיימים שני סוגים לברגים מסוג זה. האחד זהו בורג עם ראש רגיל שקצהו ישר. השני הוא בורג ללא ראש אשר שני קצותיו ישרים ולצורך סגירתו וחיזוקו דרושים אומים לשני צדדיו. בורג מסוג אלן נחשב לחזק יותר מבורג קודח או מבורג רינג פתוח.

מראה ראש הבורג

חלוקה נוספת היא בהתאם לחריצים המופיעים על גבי ראש הבורג:

בורג פיליפס עם חריץ בצורת צלב.
בורג טורקס עם חריץ בצורת כוכב.
בורג אלן אשר השקע שלו נראה כמשושה.
בורג בעל חריץ אחד בצורת קו ישר.
בורג בעל ראש משושה אשר בולט מעל פני המשטח אליו הוא מוברג.
המברג או ראש הביט של המברגה חייב להיות בהתאמה לצורת ראש הבורג. נוכל למצוא סוגים שונים: מברג פיליפס, מברג רגיל, מפתח ברגים, בוקסה ועוד. כלים להברגה שאינם מתאימים עלולים לגרום לשחיקה של הבורג או של המכשיר המבריג. 

',X'ffd8ffe1001845786966000049492a00080000000000000000000000ffec00114475636b7900010004000000370000ffe10331687474703a2f2f6e732e61646f62652e636f6d2f7861702f312e302f003c3f787061636b657420626567696e3d22efbbbf222069643d2257354d304d7043656869487a7265537a4e54637a6b633964223f3e203c783a786d706d65746120786d6c6e733a783d2261646f62653a6e733a6d6574612f2220783a786d70746b3d2241646f626520584d5020436f726520352e362d633134302037392e3136303435312c20323031372f30352f30362d30313a30383a32312020202020202020223e203c7264663a52444620786d6c6e733a7264663d22687474703a2f2f7777772e77332e6f72672f313939392f30322f32322d7264662d73796e7461782d6e7323223e203c7264663a4465736372697074696f6e207264663a61626f75743d222220786d6c6e733a786d703d22687474703a2f2f6e732e61646f62652e636f6d2f7861702f312e302f2220786d6c6e733a786d704d4d3d22687474703a2f2f6e732e61646f62652e636f6d2f7861702f312e302f6d6d2f2220786d6c6e733a73745265663d22687474703a2f2f6e732e61646f62652e636f6d2f7861702f312e302f73547970652f5265736f75726365526566232220786d703a43726561746f72546f6f6c3d2241646f62652050686f746f73686f70204343203230313820284d6163696e746f7368292220786d704d4d3a496e7374616e636549443d22786d702e6969643a46443730364142364230453331314539384241324631344436343330383545462220786d704d4d3a446f63756d656e7449443d22786d702e6469643a4644373036414237423045333131453938424132463134443634333038354546223e203c786d704d4d3a4465726976656446726f6d2073745265663a696e7374616e636549443d22786d702e6969643a3432363334353639423041353131453938424132463134443634333038354546222073745265663a646f63756d656e7449443d22786d702e6469643a3432363334353641423041353131453938424132463134443634333038354546222f3e203c2f7264663a4465736372697074696f6e3e203c2f7264663a5244463e203c2f783a786d706d6574613e203c3f787061636b657420656e643d2272223f3effee000e41646f62650064c000000001ffdb008400070505050505070505070a0706070a0c090707090c0e0b0b0c0b0b0e110c0c0c0c0c0c110e10111111100e1515171715151f1f1f1f1f23232323232323232323010808080e0d0e1b12121b1e1814181e23232323232323232323232323232323232323232323232323232323232323232323232323232323232323232323232323ffc0001108012c025803011100021101031101ffc4009000000202030101000000000000000000000304020501060700080101010101010000000000000000000000000102030410000202000502040305060405030401050102110300213112044105512213066171328191422307a1b1c1526214d1723315f0e1824324f19253a2633416d2b2b32517271101010100030101010000000000000000001101210212314161ffda000c03010002110311003f00dab72b36d0b3b722ac76c1f118c3415945b7ed4ae4a2992cad014e7f0c100e570f97528254d9398519ebd4f8e2e05d2eb38e0ada540d7699047c72c00ecb2bb5c6e21b7ccaae641024ce2c44ababd40a29ac280015164c913180656b47735d8f2ca373a023419e7d46155e4f4dab16530aa44b2fd3e3d35c00ada52c51c846dcc0e4f900c3a89d32c008a04b7d4a885b54f9abd013f2c066ee50b8ad3709ad548448202eeeac67327e1880bc56b0d3b3e929fe9b1cf31f8bedc01f8dcb24960de6d5a748d329eb8905a71b92427af3210495197ddfba3052a2e7bc8f5086ea55c43ccce08c4c580872146451be1e18a2cb8ac6947f5d1e3fa0ee1f08f1c454d9ea76de875339794cf5cb2fdd820d4392fb2c51638f15fe2b803b3f0ec62b6d7058794a998dbf01182d1a8afb73ca0b64b4fd463a6630854ffdb50ed09618582e7ea04ea72f9610a9ff0063b143a380040dcdb5478c1624088c48b555cfef5dabb739f57b8d36dc997a3407bdccfc2a571962f9d2e29aef7ff6ce2906bed5dd39201821387e988f106c227eec3c69eb18e07ea77b6b9bc86e272ebe4f67776db59e727a48d3f845aa4a29ff0034626f5d2e36f9af72162c559654912aca3f106d08f8e988ac2b22b00a06d80770199ce60c1c41359f2a92540db97400cfee18094895ab7c0f1853d4038a8691558ed0e0b6459a4a998cc6b82b3b9933566b580833a9f8f8fd98095cf782ced9aac035fa6c0c18cc6d270cc0b8b9777a202a04c94095561a8d7e78b12886cdc1906e6661202b2b4f48188326d3b7eb80b1b432c2fdfd3e9c2155dcee4f2ea0cfc6506c7001751bc83e3b7c63ecc5c345e0771bc102df5000a086d99127506670dc2ad13908eab0608f13120ebe5184514f259174927a033123319e09435e6d62cf43d1dd6b57f971902467b4b680e58413fcb347ad62bd7611aee92a7e798e985343dbe9967acb2291219806c9614e5f338a25c8bb8f67e6ab2584ca162a51a72813f0d70c405871dee28a335de6c9620981e5326753828278cc6c2b58615b6616413909ce7f0e08cb70d09562db5c9dc400411f718cc614256534b58c81d76c402359f0323168957c5a194fa32e8099276b1de40247948c280bd0a210920c7d47719cfa820e359a909dfc6daa76c310a242800c1cf3d31aa91eaf896b810ac73822488cb4eb850614382b979be6b3fb40c4a1943fdbba0259776e80002321d209c4dd232bdc193f2d8e5991b959701137abd93bf6b105bcd9e73a8d3f7602363029e62aeab92d848986ce232fdf862a46ada5ac001760370209ae0fde3f6e1a32842ab82c4c000e61ce5fc300ed4ea08f56ca4abb7e58b540072c4562f462aad57169b567365931e1ff00a61c0025f5d722de0b00b19d648d33ce41c580d4f3f8c58c7ab5b8fc5bb7647c3418440d3dc37d162a1e42d819889600983a6591c207bfdfebb6d5a4947562493041cb502275f1c4deaa6979ad6d61d554813b429ce7fea18c89d7cbadb3afcafa2ce52409f1c033eb06277e40e8483d7a786008a6a6300293d0e98a89058276280d3a139fc8e200fa8c58008558180410c23e53a7cf05103298220006731063047ac4a9c8951b7499196117352ad056b00478c8ebd263088cd6153722a802733a1380e3961a8024e6c4ee0a47875c457ad645553b4bb309749cc4fecc5cc2b1b278e6f076b4c4191af4c005d28a917d755424f944b19ca588924651854078c6e2af62b035b3a9cc0920893e54eb8a3cb5de1d2d0cfb99c801c2aaed53e1d30d1e556f52cfccdaa41d997d22672c088ad1bdcbab432c66fd478c614485a7787694aab815a88218755d83224e006cdfdc97150db656018658307f981ce3140ecb195ca5e082b982a2770fe62469f2c1043c92b5caaab019133104f88c45468b76b6f1f4b48611313a601ca6e0c453b61479bcd233e99f59c40752b6d90abb1a3353a0c04eba86e2ede604f94132207860a68589522aaee498218094cbfe3c3006b1858824ab12c0983e63d377cb023dea57547a2ee8160820cf88cf0a9037e55d6a882aea722c3cad1d329c501e5f78e1f69a83736c151be178e165eeb5cfe1aa812ee47c07cf0c0b3fb8b9b60ffc6a1788a3e96b21ee3f12aa7624f84b118d796691e4f2f97cd3ff00997bdf1a2d8d2a3fe9fa7f66350a10c86d190f01a609191960af3816a14b40b10e455c065fb9a46086bb2f71e57608afb711fd96edcfdbac96e31f8d6bad47fc997c3198b5bef6cee1d9fbea1b38d485bd166fe3391beb04c65d1c7811f6e31b91bcecb0ff006ae2c929bea66d0c98d3f66b8917d067b4ed8f4b9440227cca09fbf0d2a23b573027e45d558c3a195d7a09eb89b8545e9e6d6e84d5b8ac12e8fe5933e3304e0a1bf27915380f4daa1812aec095cff112244e1062be7a1199cb400a9891f318a8c2ddc66735955362892107ee23ae0082caad4440e5741bbc27e63f662a540bedbb305c6a6c490409823283988c168140b0a45485890479de72f8e09a643726a106b66911b60302075f0c30893721d00b19465000643948ca76fc72c064257bdee7a8b17fa456c04418dc41c0fa9328df5d4ceebb06e50e04ed198123083de9d9cba8549710af2a5648c9733f50075ce2708548d5c9ae6c86b67e9652a563a8d84f5c2095651ec02da8565c0dc964fd43a8db3ac60501f91c7f5362216540379769ca3caa011afdb8023d4e596ca839ad4438dc0152a37185c846582d20c6fd0d86597cbbe33d4839609451558958401491b496dbb492449cf2cce020f55ca9ebf98a8524904f8ff49cf5c5c4039147319215198a64d9cb46bd462e09528f5ed5b10071f5ee5d60ff0049cb4c031c72a84970d127cca7504e59b0fe389ba0d6b297daf586aec0492763415f08cf4d712aa35d2ad76c32990da0a95cff00080dfb70a1c3c6650ee6cdc09cc0683e1d44e98502f42d362ad619dab0432908fb72f975f0c513b38ad6328f228dca5d4a6cdd206e5dc349c145a7b750ceb604a89009d81867f1cf0a8f376be35968b0aba819864d37180331a4e1425676ce19b377ab6d76265b431034c8b2e9a8c286b8dc6b136d439ce1e046e81201f9e7ae14e0c7f67c9df135b82dab2c3024fcbecc5cd4846df6ef26f70d68ade1890a0edcbe12316805ded9097258b4b05393c4659f940839e7d70f4a22f6d5ac166b2c4640cb04b00675c9b2e98cee946a52c5fa59a0a84525434b6a35c174e549dd51645896024ed214ae4418c861c092ddce871752b119118b110bb926b05bd37ae4f9b6bb2931965a8c48a8ff00b83932012ca646edac0c8f90d23080b5f36c6243d6000615994e63afd275c4482a5e8c8ab0209d771c81c89861d3054eab50a8601c88e90419ff0029f8600c18f8ed9ea6419eba8c11c7871b90b62db7ff00a730d0379246998ce31030373cbd95c2587cb2a41207c7a6001c802b24ee8ac10c141cc9e9962ee88a557191b777a91e0485d7ee24e041585b4d5b4a4b9194c093a007a658207fd8bb821ba19661fb40f8615525e2d6ead0a005fa646a4e4bbb0fd037e328dcb24b011bc1eabd70a42ea5b72faa14ed62401979b5049fe18a8959c564aa5b758449af426752588898f0c2902e154be9b87462fb435a1cb664c8427a0f1318507a91812e88510086de432f8751d30a41ebb48ad41a51975f2886c45812fa35ee0376d66fcbebf78e918948ca39b3ccc328215800172eb8b488f1d5c030ecde63b498008fb3a786087e8bac20fac63f958039c7f0c15e9573902ecba340d3c275380c58a12b22bb181fa821cfe1d75c456b3ee6ef9dc3b5bf0bb3765aeae4f7bee1b9aa1629f4a8a1726bec5f9e9396a71accacea1db3b4af6f2fcae45efcfeeb7ac72fb95d9d8f3994afff008eaf045fb71bc64fe28f609af033a7ecc15948731590e46a14863f709c0662323883d811247b2ab16ea5daab50ca58876b29f152301b8f61f743f307f65cb615f3d41dac32aef5fe641f85fc57eec63722d6c49dc2f7054b2b2905831819311224f5c1451cc0c537d31ba4340cb2cf746209372ea019d1cd6dabef248939e7d72c2080e617562aea51c99cca9197e1dda19d3c702a682fc8dd72ba9023499f13f1c0a81e2504863502e54110d024999394610ac59daeadc360dac4e4438fa4024e5835433da6f6652b6898046f830483232c4295ff0066ee14bcee474b042ea247d9a75c587083d1cc47ff004d8859304ed249cf22065f3c2221eb5b5010ef5bb37d39e71fd232e98b0c375726d4916aed24908c163cae352623a6242a61d1e1b66d7023740c8e85fcc7e9c54619d648dd62b8391280955e801533071159b6ea982d7fdc7aa1606c7ac9501401123304600d42d19ecb22b0001e931c881f4b2feec2893b54e19599866a0672189f8c6b850ad7554fc96e3b82dea83b48050b69b8e594fc70a17beb41040f31cc28cc9234ce348c29067376eadd4b2b31f03008ea7a65e1898335db622a8571634641866dbb41b44478e280dfc9a59952e5dacb1bf6980cd265b3fe9c01aabb8d6800ab5849866304ca99599ea4608f58dc6772c4402614a824659fe1f874c150b2aa7d36b67caa41561a88c940c29ac712bb0dd08d61dc49217325c0eaa708956157aa95136b6dde7cb5d91b8c3482d32083828b5ab30df5d62d52c36b24098d7767e3946b809ad964d8a5480ca1bf98c9ca33f0c01abbab037170b637d1291901047ecc2a2281f7a2d650140de4d041d3efc14ca8b45819810be023391d48f0c041f8ab2772ef3bb77994106609e9ae10a2a2aab09db20063a8c1132c594fc35dad999f0c511d9b9466c5499f1c402b121544e418004eba60a1ec00124291a48319eb9c8c04bd1452a41560b91839cfd9f1cf01215ee129b80ea09ff8fb30186a55bcbbdd040db246bae5b81c006ee1d27ca482d94908b27c4f94838b409780c8cc56c024795496111f8b39838097a567a642f9b6c7e30d9cf840c45ac575595a9aca961ba55bd3ca3fe9c0335b0131e5cc9d586b1d0e03948e4357b9d58ee3942f5e824018d461e6e55ca42906091e25847cb0806f7576307cb74f99c1d7ac75c45445e0bcd6e64895f303f64c0c370a1b5cc1a77000104cc962d1ae73a61e4ac8e4ed5288ca00d549333f3cc6245ac7f7764a43155d20f59c21454bceedce9936848859fb3121ba0efaed60580943bcc6798e9d3169a35b46f5560fbc6aaa75ccfc31285c8b7d47f31de8069f480b929fbb5c290414bff6eb539d88066844e5f1c51115af1ebb2ca8ab03e55233693e186e8825a1ab23e201727338826ec80409503a4c13f3072c311e834c2a66c33d23ec3d314862abd58801b6f4d84106749f8e22a46b794f4e67327e1e38b5632f71a013681b00dcecc32550333974035c11adf0686b793caef7c958e6770da141cfd2e257ff00e3d0bf679dbc58e3a670c69dc0178bc6e4737915f138886cbed30883f6927a01d4e28d939bedeed9d8b855f27b97216cb5ceddcd2119cfe0a2a505dc8f913f2c4150dee1a380e77f0cad4079bd7b2ae39888cebfcc6fbc0c28e1c7bc766e17bd9397dc003c1af94edc8f47f341adc1cb6aec668c34746e67b8fdbbc6e22773ec5dc979dc2d2fe03396b117aff6ef6458acbffc56483d083898ab6e2f278dcde353cde1dab7f1af4165372e8ca7afc0f423a1c5416301e81b966614ce5947c4628dafb5776b5c8e273086b9fca96b7fdcc8e474f38fdb8c6e46baeae92c6825b38c9c091f567fb7195d17d65dac8774e818ed2662403f2188047d062b65883c84f98824927e9f8e58a24f7d2c25213a155919b474c1134e58ad8127ca20ab647ec3d4e0191cbadebaddb7ee9858233e984134e7d4007097346e2154024ed1e3a673828f5f300547a5b707ff00b79865272cd4f875c31136e42298bb2604c794cc9f960242fa4c970b332342c0c789c5125ab84eaae1422eb9022491f0c042eedd4590f534b30dc16418cb5cfae005feddb7e9b246449650a40119658001e1bb3b2ba41ddba16d53b89ce76983d708578f15d50dbe9b2b679ac9f2fc23e3a60b49cad614aa95b58ca953209196d607e7f3c4027bb9b65ed58056a472ca6587d599cc78c61b8b8778f55ccbb5c0dc482e08cb5fe1e38cee2d7ac70ec55c6d9522018d040c2083ad3b17d53b5b21274e939e2e54d57dfc652c4a32853223d43b4c75218658b50df1b8f785692d9b092db61bc0889d30dd0c04b0304627a6e7001cfc712ac79eab085da03ae900416e9928cbae148271eaa99f7bcf900667dd1e60633cb16913a55f93ea307660ccc37161b885391103fa70e128e947f6ecef2db5da4a6d0c24f894c50377b92b0a8e880805879c4c1c8ef8f0f1c4854db8bc960de99f4f7ae818b8204e63aeec2145365fb054ea012722a0ea3239e9384191c85b2915586ca8bea1255e359048cb4c209d5ccb2cbdea246d017d319cedfeac0322cf537758006d9ea67c70467ca573813a2951a1c5547d6a50f9bca564090c23c4625230f6d2c06e6250c00677020c786063c52bddb01194e4d3d4e0564d64e8532cfc049f1c0796b83929104fe288c112ccb4824123e97ce7e47140edaaa9328a4c13bb20588f8e22bcb58004a898989234f0c0642a91bf691391cc6e8c0605423ca4ab1127299f0c5128d338e8a0123e788395128aa5113738c9a4e463a789c6994080e097258b643a091e1f6e02368a676402e467d73ebffae015bf8dea0f21201900c466714578a9e1a2c0154904beb3e023003b2ab598b56642f4630674c8628811ca51a3282480d3201f87cb0d05f59eb256cc988fb3ecc6603d1c94b1a40f308110061034b75530cba0223304fda0e79e241357a8816d80b3a9258923c33d22461168c2ce3dbe73326746202fc2339d71370a05dc6a6cafd17b4d8a99af96208fe6391cb0850c52bc7603d4aed073cc956fe3845ac3f15c59eb406acaee2bb838dda883965883db769860d598dc419658f83098c0309650d5fa64afc64c4f5c8e980956c50f95c145d5753fb64fdd86a97e7deb6d5e89106ef237f9466f1f318bd7134a6a671d187b01b0f0fbcf69f657b5399eeeee90ccff00974d730d612c529a2b3ffdc704b1e807c314715f707eb0775e5dd6f238bb7fbcb14a3f25b20887fedd2bf82b5e8a35d5a4e20e77dc7bff0070ee2e5b9bcbb6e9fc00ed41f2558c45267955150a38e09fe63afdf80ca72d1432595fd590b14c3aff0088c0750fd1cee965bc3ee3da2cb772d2ebc8e3d664950fe5b36fc0900c78e2e23a5628f11223c7015bee2f710ed5ee2f66501805b3969cbe5f86c24f1101ff00aac6389bf0c74e62f406567828012ae0c6e076e51f138e6da5436eddb828009033cc9c4a41036c0180824486f8671f0c5204779b331e572496260c0d010715055b180725a3728f03929d07cf100fd75de9e60bb3ca08190d774fecc04d2ee4d6cc580d8c00ad41cc8033dd3d670185be6c2cc3203740f1c14cadf6d990b4b07d183150474f18c10d8bad43b9a2edbe4693ba4903c7ae180b4df50725eb15d9000f4c9404089241cb29d31449b934bbe4cc5066afb419035cc75f0c0645a8ea4071b495696fc2847cf5c11017a6e60972d8d128a1482b9c6bae98a1c44b80f3da002b985906465a939e205c5d52f909f267021488d736124e004f5a86780b39b87504f880bd3178105e6aa7a26bf3992030300e538cee2d645b55eac1937b0124280e475fb8362c2b15ff006ccc57d46425a58012abf326541cb08b5ee471f8ac41dbbb3fa940d74e8704a97fb7aa8fca4064f98062be190e9189ab515e3dcd2617a8d4c81a751e3890a355c5b3d36676208c8437c671371693bc72a9b372c804c91a1cc411d77038b98a271794791512882b6dfb5106d5002c899f1f1c5dc64dd7c9b115cb81199dc9e6113f1cfe581116e54c8db623196ddb8331dc7310da7cb00417a100272194ae7b6e1057a10489c5135ad1994a6d62a643abee27767a65975c44652abc21dd6b2d8ec48218403e107144ac1c85616a92f6ed8900671d478e03c6e35a359628da4c91b4833a0d301ef5d0aa9192fd4486f013d7e788a52fa4b287f59d5403991b964c0e83019e0712ee1efabd45da503c20dc272dd0a74c4d558236e6059977301008f0c310502b2a488249cf691a918a0688079581f31f2af81eb3809d25a5fd5054ab10a41d57c70136050927cda6d5113f3138223e59889208067a8230aac28532098c811b7e382042ab90921c39048898307e5188b52baddb0583edea0026231472462c06e0ac7cdb64789f8634ca332c7612c4794c8fbfe3809a2b33efac893ac89fb986b805f94eeb5e46141827580c75c029556a60a02ea7f11d7e79e027671cc87a8192d03a803acfc71afa22d4a203b9fcd398cfc35c4a22a59deba9e762e60e9a601f5e3d6082143346e23481e38944ab4aad5396e033e99fc30036a6b540f008199ca201ff008eb80f5b49acfaaa4c4e8748fe6c023cae5354419218309ca75eb3e18b0405efc7a0331f2d8776feb27c0fc708205ca21f4d8cb1f32e87e63c00c41eabb9000eef30000882a5a7a83d7e786e033f3ff2d7d36105721300e24296bbbaed75f52b5770237342be9ae90708b4b76fe60e6736d503fd1a41ca625de3424f45c5cc4d596348caea3e780e39fa95ef0ee3dc8703dbccc5387dab7b22747b5b2dff00713f7e1a639e962753388af49c0624e03d80e8ff00a355587bcf3ef03f2d38db58f4963962e0ec182338a3977b9f963bbfbea9e3ab4d7c7bf87c1423c29753615ffa998e1a47d027982f2c7a3b4ac32e8c72277638b46e98a943312ae0801986ed32fdd86ea9816f1cb2ee755d9a82db49f1c8e031fddf1ad1ba51cce4370f08c88d70c34637f05c02c904a85214ce733a9c5343038ab61f4d5ac2068ca04ff30f8eb9e09897a952202a875686204c088d4eb82e04a94167602377d21a0e5ac0c0ac8ac160a0c6ed63388ca01196089d68c27682e4e64fc06b9600e963ec2aa0ed0e4043f509cc8244c40cf013b2c085921949fabaf9464634ca314420ad442156119312601398ce74c4110c86e35bee521a06c59040c8956c50d901eb70d64081b7cb19c4c98e98082bd548816173a59998047d8230442fee362d66a3595724004e840cbcad27edc3316abbfb952ff992a46e31908cfa1f8ce2ea0deb59b42239d8ed2518980069e5006a71031c7d8c8a77659800f944e9f40ebf3c01b66f1bc8c9189733103a4464462e68c153b37104aee2369254651a7f2b78620cd5ca082e57722c500672412064180f8751809a7308741bb72337882204490478f49c147a992f67b59c1552011f4e63a038b30a2ff63532910eb99c846e131a4eb842a557197731de52042123e1007d98854ace2a95f3b2b2019c8c84e9f4e738158af8d6959081776d27cc58301f312308579b8d6a83358233fa8869ff003441cb019f4391139831037642468c358cb080570e480cfb8e6368549cb6f588eb38418f5980451bc86103f141ff008188ac2ddb958bd6b263716004368274c151a9eab1ff00226b82ac3cde5dc465d70a8715acdc77981014013223e78609ab568cc03ee885f8e9b86089156fa8302b009f28fdf80cb258d05195489f341fddfb7144cef690ac54e454c86397cf0832ce4b6d3944493909fe5c4101be60aac28e84c0eba9c143094aac4475891a1f0f94e2093284046913acf4d662708201c1ce4ce86099fba3160e58581815a48512aec481fd58d6b2159723929e465ea58181064c4193801bba89280e63ca15c46d1f02300872e9b5aa1e8fee82231701e8a6c645f50802140805a4447d989831e899203c7f2970413f0c8c6b8a17e47212a056d0777d2a35f31e81bf6e2413e2b0da86d96688593f48d465f1c05836d58018ea14b29033f8e59600059b3451b49919f59ebffa6025ea9cc100c4099074ca231064ba0ad839204f914680118042cac5424b7ab54c0600b127e23c3144054d7a92960249309a96f11b5a31684dddc33e616c50429d240d441d0e014bac680a1a46a23593f5c7c32c5885397ccf507a672ce56041dbe188a5ade433a104af972626667e1806bdad71b39bcd0d916a9368f1d8c7ff00e580d97151e060cf519e0399fea8fb0f93fd82fbbfb583771a926aee54ae6d4cb4d7747f21ddb58f4cbc70d31c97115ec07b01ec0779fd36f6ed9d87b02ddca435f37b845d6230864ae3f2d58789d7151b7e28ca9da776bb4168f828ddfc301c43b0defcef72f1792fe666bdf965ba75b01fbc8c677e18eebd97b88f452bb4ef0260c6640f0e9f6630db6ee35e8c8ac1e640f2ff00c789c40e0b4b2877da560ebf1eac0fcb106294ac006b556074580be1a30c5ab0cadc2b4b11ab52aaab30a75c81cf0a8ca3d1b41710499659001cfa6bf7e042ef6d46cf32f96b3e553989072fbf153426b69662d4134d88649d55bc654ea70545794d5b29b69526626b3b735e84618889ee1c2e182794d6569121dc2923c7cc48380ca7b9fdb2aa00ee3c4da7279b054e63fe2316159abdc7d9b996135f3a86072005a93d7e5f21184d0eaa5cf5b3ca3d4e00df05811a8059444e596033554a46e67659232046dfb41f86063c95b513710f6b3e44ed046d07e91e6fbb0194e4d4c569f58b150412f5900899d4c99c8e081dd6ab5adea20c8f94ee65190891960226c504ec08141f36d60c36b1cbcacb9e9808726c9b2a94541aa29dc4e99cedc8e280bd6e295666104c4ee0ada7407cd188063916523d34789cd18ee9fb1b16066ae472109165858092108e84e523ae025c72f712162c893ae92743d73d3013b0dd513ea567698971fcbf31881cedbcfd8e57902015804cb191f7e2c29ff512e02da8160ca193f0e7e19f973c405e35d5b86a1c1da0ec21a44f8f5d7edc51363552010e52b0bb401f87a6539e9f1c404a73546deb6ab0cd80dbd32cbc0e282ee6db244e700813d723974c013718ce27a8c063d6adb22c23424e9fb701e02a7fa4039468233c28c1a680d251731998fb705a8b70b86c493509222460545b895ee95907a41ea7ae245ac1e0a6edc499f8e6348c86112a238562b21aec854985e8d3e230854853c8ad42a156dba2c95207ce7121c06a792842fa248f19191f9e1354436b2b79832051d44cfdde18820791e99f4f306321b4c99f118b48997de244319cf48cbafd830230c370241f3413f68188222c6cda7598e99673380e3e8f797dd076819c90c71b65e1630ad83b006614156f99fbb142ecccf05d4c4e511d33d701eb2d6dbb6c989cb76673fbb0101ca40b04304511208d4e59e582254df521d88c40332184491a758c07b62d84b7206e23a01988e806982894b79e4130323e51047cb5c0305ea08032a10490e1960193ae5a620cba54480e166090f19107afcf0806f52d246d580173da35f89c028d6967ce533394fd5d3a6033bbd1b00025c0ca72807a6023cbb0171c62a04f9d88cf33d04602b1d5181627212a2358ff009e010b98ac13996d3221a34e9231a15d68b19cbfa7bbc61c1103e718813bf946b41f956cf56804c9d620e01df6ff00fe2f22ae56e2f5d8183b8ce55cf98e5fca7eec06e311962a3d803f1794fc62e36ad94dca6bbe8b06e4b11841565391906314729f7a7e957195adeebed4b3652497b3b65c4cd7d4fa36e72bf06fbce242b98dbdbf994b94b6a656191191fdd82d33dbfdbbdefbadc28eddc1bb90e7f910ed1f37fa47da710752f66fe97d3da6dafba7b84d7cae624351c24f3d35b0cc358da58c3f94797e78a8e88496249cc9cc9f1380c0c067bb23f07d97ee4f71bf95387c1ba8e231ca793c8028057fc82cfbce28e27eca40bdcedba26be3d1b40e84bb011f70c674c757e173ae0ca59fcfb60a830018cf6c7ed38915b1f0fb891b2a450cc4e6a409803a1cb4c48b5754f2e03a8aec63b093b589263aacce527122e6ac52de3d99fafe9bed610c01272f313d712159365cab6323299006ddc60a8f0184023ccb0d68c6b5f4e33008c89ffd300b3f30d4c770200faa5720a46641138a454f72f7376de12b0b18dd70cfd0acf98b1eacc7e918b9952b53e77bbfbcf266be3dbfd9d472029fae0f8d87cd9fc231acea95416b35ce5ee636b9fc4e4b9fbda71711081e18a30510e4541f98c033c2ee3dc7b6b8b3b6f32fe238d0d36320ff00da0edfd980dc3b3fea8776e25c9fef74a771a5601b5556be447ce363fda0633bd56ba0768eefdbbbed0fccecdc9a2d40a05f458ad5dd59397e62ee95d75d319534f6774aa5bd1a735064b12b2044cc19180545dcd2b1e850dbc4905589f9c88c04d96eb1199a8a24093b5ec4217ed919eb823d6d161ad5558a48da0872c23ea9d329c5006e25b209b1047d3f9707592339f1c07bfb4b8441ccc190e7767fb0fcb019acf229dc0a3ecb24154f3291bb5dba88f8620cd2a2d52ee49da0932a4952069b8679e2866bb833b59bc1dd08a1966408f312a4111881aa5a95bd5f6c671359c88ff2b46b8a1c82aeaff98997d6a34da48ce7e7a62092de9e96eb1652c61a0123e2db7efcf0d18902a1b6b6248c9aa3a903acf84600e85b74ed8de40041e9a66351182b28f6306576652d0370244011fb4e00c9c8654cd4800e4a7239e50670a8207b0f9241819f5d3a46006eacc14389a8e4548dd319cee198380f35d93332f980d4139f8283e382b26eb4edf495142e760693396607f8e02639127cea54859683a78e026d700010641cd7e230467d61b8a91f1fb3c70a3dbeb74d0f841c0616d460486076e7e11f662d0407728323e2468701e31319127a787cf01134d4d12832e8321842a3fdbd422011049047ca3122d40719172576026441d0f51f6ce10ae32b4dca4a04d56079819ea0838b71223b5ab8168758ca0cc99c5e047d41b8c1c80c99a01919923040ac74c91e083980041d3e38a00e943b64a06801197db82a7e8553219a3299249fb67c700634ac00a6272dc3291afecc446154efdcc4907f12804f84e154436b12c0806a1fd27313e1a7dd80957c85b843c003400e6a07f2f8e2021b95e29579b0924a44123fcd805c94663528f30203af81f0c02f60547cd64b1020e7ae001cd20ba053b8806469969afcf00a365e4242c1f303e1f0c509f25d98b10762910627ec51fc70456dc5b7486cf20a00ca3055672d9b563a0819e7f7f4c2235fe5776ee5edae67fbbf6e50fc4b582f3f8764fa4edd1ffa59865b97ae0ae93ed8f75769f737177f6fb0adf58fcde1da47ad5fff00cd7c187db18a8bcc07b019cf0106a2876dcd4d4cdfccd5a13f791380249dbb064bfca321f70cb018c06700c70b87673aef490ed45836d9fcabf0f163d062857f5a39f4f07f4d4f6ce30d9572799c4a2a41d52b66bde7c4ca49c11c7fd97c7714ddc98215ed03d49d0208fa633cce26ae37ae1b0a9c2ed2c242b67a922635c655b1f179fc5e1b5563b6cda624839f8ed2a0f8ce28bb6ee2a2b4bd0b2d76022a20119fe29523767880a3bcf6d523d6ccecda5ca38cf21fcba8c0657b976fb27f3e322f906129900da69840bf33bd76aa9a68b2bdac4ee0018de079b503ae0283ba7b92dbb7270ec13f4b5e8748e88742de27a7cf0f235b724927a9339c9ccfcf1b40ce2081c063018c51ec07b006e1f3397dbf955f3b8173f1f9557d17566187c0f420f5072c0756f697bc6bf7330e177029c7ee48a0945f2d7700479aaf9755fe18e7b91735b55d51acb5800b370f295311b8cc622a17136a4aa82776dd7ae9027c31442db592c2ad5f4922412c57aeed7ecc11341beeda251c9312d948ea49ca0786022167942b50090200065b21319e580925500820004c13f4e63f8cf5c0156b0c8e64863a946dac33304474380cad7c8da5a9b8b30009aecad1c020c6d939e980f0bae471eaf110c182d53156ff00dad828a2de15ed56cbaca6e3b96189523ac198f1c034946e59b58dc2cdb2480e0923a95d06032bc7a92ad90ca5325cc8c81cb2c04d03568db564160255e4c089f1cb044a090acd2bba488d6634cb051b69009968ebaf5fc43e5180826e640480244293a9ca46ef0380c2071000dcbf863e3a65975c41174b7ea27a1f27892328c06116c5431a098ea00f1c07945b5b335b602ac25120981a107c7141400ca3f16d30483023e5f0c04a483b7e4541d7c351809a58da2a927293a4c603c76922c0b12467a32fdd80931545241d049ce3f7e08c2b00d07ea9d467d35cf0122ee17391fbcc9cb011f598ee62729223c2331a7c30195bdcb329f9298ce7a628e4a9b9422b2fd39336a54eb8cab36dba853e6d3499c4aacee1b41619e7911d4f5c542bc8a78c487551b86648cbf86b8b9a16ab8a963c660b1819c8cfc41c5a41d3b7ad6a62d69d4f8fcb0f49117e2dd5b964647201f281b449f9f4c3d103b38d7904ecda3c6447d918b708192eaa546e5032dcc0e67a1270482a28ad775817d4110c72683fd5829770a2b675f38077065c88232dc7e3f2c00b8ecb63fa8ee52c061197ea1d4ca9d670809685cd8147739fa818cb7d846204471d9890549813339fc67e18605f93e5620b167d0cc988c508149eb31a1cfae011b9c6e6503695fdb1f2c057f22bcc4b6d9cc93999c0557705a996cadd43d6d2195fa83f0380d0ad6e4f65ee4bcaedb73d16d4dbe8b51887423a6e180ec1ec6fd41a7dcc57b5f720b4779022bdb927263f917f0d9e2a35fc3e18a3740419f8647e07c0e08ce03d80f603163d74d4dc8bdd6aa104bdb630440078b340c51ab73bf51bdb5c4b4d54dafcb015a6da165770fa42ee8dc09d4e2552cbfad35f0ab15f6fece6d2a323c9b856849d495a8337edc2a352f7a7bffbd7bc787471bb853c6e3f178969beaa78ead25d97d39677662d9628b6f6f71ffb6eddc5a95e59546e00c4b3f988cfe78cab67e2faa50d8d9203b0eecc6ecc95eb882db8bc964636d03695f2f94ac0dd23a628792cf315b0966819b13ba72064303881c1c9a87a75a3380412331a8f88180159dcadac0d96900cccee583d098c06bfcfef1c8b6d1c4a2e74b9c13638f305ad7267cfaf45f8e2c15cc00015442810abac0c6901638019c40a73bb8717b7d3eb72dc22cc092164ff00d4460358e4fbfb8a8f1c7ad1946a4ef63f647a630aa971bdf7c3b0c5fe9d63c0ad8a49ff00303601f761522f383debb7f3c015d81198c005832927a2d8be527e060fc30c22c34c88823a628f602755d6f1edaf91c77355d5307aac5c9958684603b2fb47dcefdf7b70e41aeb3caadc55cda9650ee23cac35f2b0d31cf7ab59abcaabb9c6ef49d59893b55818f31d09818802cb6a5a6cf41fcdf8594b019f5db394698a30b70acee03360d28d10446d8819ce0082d1ea331872a373811965191cb019de9639b0c2888f3798e5a4f80f96089f1aa59804a2805415262274cfa61f81da95aa4daa4319d4f5e8263a60a3d7c72f6071590b1e63bb5c88c11902af3517d6ae007006d9807407eec01aae2d01858b5568c200280ae519c60a330904ab99e8ac6647860315babf961672ce353f03f660326af2981a13a34667e06704677bd687c963c18824131e38012dc8e0fe55a84c80cc8187cf22705654a280bea0d00018679683011f5ab11e9b9b0c1c95492634c0154ba10ad333f880f8f86031e462a0a90609dd190127010af8e005f4c83595da20ce51318031a5946f2b24aa861f2c208256f5ee6dc5c34483d00f0fdd809b64098fc22232eb80817546ea001e553e035fb70119465d8082321a6599fbf104990e801dbd48398034180f2ab414827a7de272c51e56dd9a885244ccc93a7ecc41ca45a2c036b050604b0f366273c41364ad4987520090dac62a86cb65803aacce5930c10ad95f21a7748fd83f6603159641e707c406d647efc14ca96d376d27e91a9f97dd826855c86248324ea758d23115366324b2c80244e64fc32c540ed58f2d90c1ce6403024e997efc41972a536aaeedbb89ea04f5c4ab10e3d22c946ac1804163975fdd8b481dbc1a42c296313b81f1f81306062fad4851f8c05a0d820b11993d7e58b486470ed5aced007881a667c30a908ddc3b9bfd403c3702351afcf168acba9ad370570db4ed60b947c09f8e1455f28296db13e00643fe78a2af94cc1ca9d62415100fc315155cb1b94904fc0447de7115a7776e2ee72d94f5cf3c05215b2870ea4ab29956060820e441180ea5d97f57aebbb15fdbbbf27a9dea9ac0edfde00fccb232d9c8d3738e8e66746f1c06efc0e477de3763e273bbc94b79572fa9654b5ad6550fd00edcb7c67a634955dcef7cf1782c5ae4f4b8c7e97b01360cb4d8ad0c67f94e0634ee6feaa7b82c665e10e3d15e615bd196f98decd8955a9f72ef3dcfbc5beb774e5dbcb71a7aad2a3fca82147d83102beb003c00c0785d27e18a8b1eddc76e6dc82c53e8c8668d580339614744e0d0641c8c10163380a748eb94622af38f5908056594e6c18b645946b19f4c05b52c9e98f5501575da49586dc357244c93180b155a071c3862a4a899868e873f09e98806e144bad95b79448236403e1d0fd98047996592ec8cac1479b6b67206676b6028387e7a9f9a7ebe5b6e139115212b50fb736fb71ac44df1401b0151df3ba59c1ad38fc4416f3b933fdbd6740ab935affd2a721e271023dabf4f797dd9c733bbdad7d8da963a679851d0622b6ee37e98f635abf32a05c2c7987d9afcf008f71fd31ecb6a92951a89d0e5a8c0691ddfd89dc7b2b3727b5da5946a87391e0ca722300e7b6bdc6dc971db39e0a72161537192a740b273287a4e872d23146d1f3c547b0173ed4ef0fd97bd517ee8a2e229e40e9b58e4dff4b6789b9c15d868e45e40b16d5b331a46b9083f39c615648fc94720a0cc640f9483acc0388216f35003ea53bcc08580d2673891ac698b8075f278365a7d5ab6ab00558a41881a7a6729ce714a69387c1b172244ed65f392013f31880f4f06bac0f46e65f3123256cb3198fdb82a7e95b5b835ad6e41960c4a83d32034cf1016db2eddb8d644ee0d0fb6444672351844643aa968acf99a490437e1f98c22a55dca1e3f3513a0746890488ca4628935f5d808a2e45db218b032081f18c4034b2ba107991b7190108dc46723e386095af79db624edeab035e847df8a8906e57e2c8ce59465d300521c66ea0e711bba9c151521b6b0420c449cce03ce6c58daaa8d042b0f1f96026859d016024f874f9e024152c5504469f113ae0881ad36824ec3b8c1004c9cbf86032deaab6e0058bb4409da672d705416e51f976a9afa7994c13fe6196008a50c95209d0806733e3801daa448ccc8fa47c3104543324be6194119091006b8a3275d14a1891e267a62090af77948813932b678a32132064edc841ce00c0721f59540c8348c8cc8839f5f0c4826bc942b307d4074fc2174f84e1078b4a061224e40e06010e0f94c8073da728c034aec0052c22329331f6e06a2a3d3256031ea7e93afe1c046cb2bc8a6e4d83c35f89c4df807eb577094719c12186deb969860f5954890c18745f18f8f86280d5eb56cc8176c99339883ae789aa202e806d01c6b966d88326c0fb7cc7767009cc7cf011775251f6a9b41939c69d24e8714491e9e467043092cb39ce9a7860065523d3120812081048c1153671b63b068ddfcc41ce4ea4e2d145cd45ab9560c996c01d7c0c6a0628afe75552d8599484f053a13d70a2979f481b8d247a2da8d4a918b51aef3f8acca5948f188ca30a286fe29f0f8628aeb686424c18c06e5dbbf537dc34f635ec171af906985e1f32e05ecaab03fd28d1c7f2eefa71691aef2b977722c6e472ac6bae7faac7327fe5f662053d599c060d84981af8602694dd67f481e380b2e276cf55d444c41d739d7f66036becddbca142aa331a8394f58180da788a1541236ab48319cb0eb80b6e39da55b49d3a4919189cbe780b5e3eddcab325b38e9af8eb960268c9b983a2b8ea348cb104ac251411ea3039ed2634cbc301ae77de75b576fb554c330d8b608d5fca377db803bd6290b40d2955ac7fd002ff0c6d0bbeb8802d9f58e93e13d7142dedbec9fef5dcaeee77d6c77902a643bb650be5a976ebf4ebf19c655d1387c25ad01e395b029811e47cbc55b2c03adeaa6d46049040ca41527ac19fd982017d4a41c8e433ca4ce998c1551cfe08b2a219601ca632f960397fbb3dba78962774edeb17d44be40430060afc88cb105bf0b9239bc1e2f3802179350b33f192adfb4634834e08f1cc62ac754f6cf713cbedbc67b2b772c9b5981ddb8ae4227ae58e7ab8d92be595dbb0d82b001669206e327258388a6d79feaaee7b722db76b010204e472cc4e283576576337951ca41da44659ebf7e143355b52218af69003791864339d6230122d4352a115d3795d133264fdd822351ad1d992c201daa75da27a600ead687fa86f3234075073230120cef03629962141c80f2f519e7809a90cdbdabdafb658ab19209e8046006dc8bf8e5471e83723e5683625654cc285160f34fcf1739104ee1b855eaf06f45912c690eb3a4ef467fdd87928b5f37b658e503d6485ce5b637f902b6d3840d0f4bd367059563a939751138904f7aaa86df936b312646022c5d2143292b06089273d75c1517b6c805901dda6d9fbcff001c41edd632060a46e91120f8e7a8c28c8b002bbd586c33a1199070a242fa99f6a9973d34200e99fc70042cacd27288234fe180c001015510bfcbae47e18519ca488f89fe18a22ea0a00400633049c97ae98804a8a42edca44fd44c47d270121991b0110646423e3f6e024184cb64662418047c7146537c93f1d26446980e39e9fe30e09cc869dd1f7e5f7e208a38d9e600bce872063a475cb01916abab6e52768c883bbf7e0300560ea43f5c8e53e38a08e770369202902738024c75c4037b2ddea5dcb340023a8fbe31461af9304825627519e242bcdc80aa20039e67c3fc71158bbd3725abc8900797cac7a8f862a3c158c79889191980701236b2ee96dab96d27f7c8f8e26e2d65d91a0112728235138806ec548f52587f0fb71704578f5aede4527639900927691fcadfd38b5112559ca37e559a9439111e1d0e26e98c5e82da9158c591e53d0e0aa5e6f185c056f95b5e731227e1e2b8b51556516a2b55640798607a8f10705537238ffdb82587e5b1c88e93ae2a2939dc748dd50dd5cc475075d3f86029793c59539483a46980afb7824ee20e2d4256f6cb81dc820ebff3c00da8e4b1829b7e3ae28ca70989ce72fa8699e207eae1011b547dbe3f3f96143d476f217795040593f0e98522df87dbab8055405392cfef38517bc3e28ad858a5540040424c09e863e78a2ef89559b947a8200c8cc0d358c41694f1ef00404331913b813bb5519f4c03d50b2b42f6543688018e40cc4918098a94b1d8182b9d0fc7c3eec519e436442b4b11989d4fc8e034ef755fe9af14b8017d6a81d208f51673c305cf2445b67f99bf7e34855e300b5c09465d255813f35388369f6970f8ebdbeb35005ca80546a206d838cab64151996f3bff0033798cfc1b5981802b0630a54c3fd00f9869313afcb00b59b1d58e620e4649d3a0d180c54297ab0562b99d60ead3ff001e180d6fbf7078d7f05814860a335ca67393f7e22b53ecc9e9764a28e9c7e4f3294f820b15c0ff00eb38d621bc07b01bc7b1396ab4bd0f242198e913a626ab7ea6d5d91be16082263cc3190566ddf47988627c233d60fc3083c827ea01b71e8bfc7edc20b0a78f5b0777dd0466b300eb39191a0c0116ab6aaea5ade516593d45cf5ea672c4809551c82e1b6d6e560b38c896c15e145d4bef084a804040640319e007fdd3d2a2d606b425409524490467a7fcb1457f78f79769f6f8a97b9b9fee2e2228a54596fa73fea15046d51f139f4c2223c5f7afb67b8bece2f70a92c2b925fba8699d36d823e3a9c6b320b25736a0b6861653585d8e99ab93d432cce2a04bea3d215fcea0cd81f319c02abb86590cb0067e3372aef4dc307a46570764da9a800a158cbc71152e2713935b1b28e4db6aa9846bf6b10b9fd25c74889c042eee1cba5cbdf56f4060140623c46ddeb3fbb10497baf1b9357a681ee2d914a36da57ac36d3bf4f15c209f1fbbf0902d777216b232acda1ab685e8db82f4c2072ab539364576025866d5b863e1394e026ed652d0df9a9025cea49cb4184193722cc545964c18cc7ce7f862418f5c30565a89af205812065a29184560f36b44dccce549ca60fce310a959616251b42a73d260fc0fdb8a3c67686816856264488819fcf101177320628413d011a6ba6587232ac4c6e420e79ea3c22478e144519771d031831a1cf4d701c41d2823730b9044162b967f04c00996bdcde9f237ae40412adf2dad8a22391c8aedda2b36871f5e5023f9b00c2dfc8401a039391399249fb30131cef32b5e8d901a672df644e0337f2b882b23714ea158794cf86205cde0c324166d60f5f08f0c067323690431912721f39d3146436d11ea6c50064bd0cfdb802d7cbb1922c4211fa8ce44c69e380cd972315548394c6a00f98c412de43c1f2fc343f678e033b99c4343c0c93400f80c00dac2a09ae1b688531acfe13f2c4cc50ecb45a850a92174619c13d41c540dac5475e3dc46cd0be93fe6f0c2158b2a565077974930a0c32fc4788c4525c9a7c843c3a19dae34fd980a4e5f0ec50ecfb7d330c58f87f57fc46148a9e576f2c246a479408d3e07f862a2af99c2a5c16aa148c9867ffd4b82abace33a2ed28147f32e623e7f1f8e2a0278cbb4189dda4c6832c00db8808276e672f0cf001b7b5ddea8c8000c4cfc2704374713603100e620e663c40f9e0ab0af85c85f3146058806338d36fc81c4558f1a9461b4baeec81033c80cce53d7016bc7e22799811b811bb3d41fc327e58516b4559aec506c13b1c08cb2f2b4e02db8ab61c9f8cab9f99948f2832047c4f4c291714f1aa28002c9396d890d1fc9d07861e8f2c595d82b247d265bf3339d9a74fbb17d2425c8e29680dc70547e242332748699cb16a4681efaa96ae27aa9b8148655396687718c28d81ec5b82de9f4daab629f8380dfc71b401bae000fa6036df6e589670a91e6112a4a1fa6223f7e78c6ab60a8b20f3bced19dab1911a123f8e00b208f310c0411e073cf4cf01e708d0401e244c813d73ce67015fcaac0ad958c289807c7fc3014fde1eb5e258deaed0a82772839465380d238e86ae2528443586ce4b8f03c86dca3ff00605c6b113c07a701b47b32e45e5b21124a8224ff00349fbb1355bf50953d25013f51dd12c20c781c40cc22959200104100e79eb2700642eb0058198999cc01f0c10dd37de998935449dcbd47d5074c14f51c86b11772ed5419120983ae0185bc798b794fd400060464333f3c04d390a3f28b6eb330a24e50348f860349f76fea5d3c64b3b5fb7bd3e573092b7739807a2988f2d634b6c047f941f1d31730ae5eed65d6d9c8bddadbed6df6dd61dceec7f1337538d32c6c1a11234c031c2e5737b6da2fedbc8b7876a990f4394fbd7e93f68380debdbffa966b65e2fb969dd51cbfbee32c11f1b78e323f3afeec48b5d0ebe57139fc75e570dd391c3bc102ea9b7a90c04c411f6839e22a659dd0d7202fd3e9a8853d73eba60337878210c2442a2897fdba462408bf1f8acccfcaaeab40704dfb06e3b41f29fc5223a1c5e44e78bc4a1578eac94ff26e67407681e5579ca3a03883db78179242f1ac460c12da01adf45003326d899f1c04999d59169e6bd643296176db495121937343289cc193808a770eeaa5bd5a29e42a9001a2cda4498f30b47cb4380355ce4bd82aadaaf606215d48e9a652300d723d1b6bf4d4ea40919fd391323281e18005953d364b79d6b59dd204430c8fcf4c0669e579e4b0c8a8bab8ca3a647c30056b5eb2d6312d12af5b0cf2fc43ecc0183855c9880c04375f8800e033368da540b0999526321940f96245717d80a6f092cc76ef1e1a743d7102ee11643400321ba67c3050951589604edea074f90c105ac5a197d376412720d198ea27e782a7bf924c7a84b68c1d55c1f8cac6081fa76ba41a5186be42508f841c29013c739efa6c50330561881e19614614307316156d7cc403f736022d714650d5ab15c9ce608fe070044e51099ac6796ec837dbe18090b119d0bcae7a83324f591e18a1cdc00fab721cc1ca419c403aca924ee9ebb0ea3eec04af21eb252cdb94ed226670c0a9f5031d8cad2200d4f840d33c04086b4d8ac4309da8b30544758d73c519a1ac4655e40ccced74f303e00f81c056777e7772d9ccff00f5de1d3cbe471d6585d6955623ead94ae6c478c81d31731375cb9fdf3ee936027915a1ad886e1d9422d53ffc4ea46e1f0f362f9c4adbfb2f76e0f7fe29e470905575207f7ddbd892f437d3beb1abd649fb3ae33b8d6689cae0ad9b8930c4ff00aa08f3151a08c4085bc175521d323e6560322da46011b3b6b93ba958603e8d419ebf3c502af86e547e5c89833afc441c015782581529f928db9f7120e624651e504e20678ddbd2a1ebeddf1211a206f1f0c55c7871c386662f0482c0eb9f5dbd7ae086b8fc7404da8b2a4c575e703edfdf8a8b5e1f16e615d7905b0196390000cc93d0e26aae28e2b2561ec40c9193684410a32f8e32d2d2ba2d5a4b032cbb59d4c09067f76580b24b556aa6aba03a264008631d6465e6c483cb76f4b02a821d808073c8990a274cb0885ae535966aceddc09cf4927a06d0e2d1ab7bb28bafe05943a2ed2a56572f8990739c5cd4537b579ffde7685e3dad3c8e0934d9fe504843f2c74cd67568f8a00de3882cbb077a5ed3c964e42fa9c3b88f5449051868e23e79e037b4163aadf471cddc761bab74b15c38990c34fb719ab18153ab07155f5bcc0901c11d08e9d74c51e22d10ac209e9a181ae98408733922be2b7a8a67323fa67283f3c06a3df3b8a72cb7180fc95622f232dd1ff647c5bf17f28f89c3053b333bb3be6cc649f8fc31a463018124c2fd4721f3380d97d9d6136dd7a83e96e210c4ca8f27dde5c6755bc51654e55ca670d2b1b44fecc4073c8a441eac0ee2ae7ae00b559533001dc6a648531f7601dfee2cad24307cf6880cb1d27689c03b4bdebb5542f9b2786067c08d08c036dcdaa8e3dbc9ee4e29e3d15bd9772ef2112b4024b3e657e380e53dfbf525bdd75dfc4ec0d671bb423b51758d29c8e485eadd6ba5b555fa88fabc31acc4ad7150000010008006400c54482e025b701edb80f6dc03fd9bbef76f6f720f23b4dfe98720dfc77f3537474b13c63f12f98603aa7b6fdcbc3f7452ff00d837a3cde2a03cbe05d67e6a02237af47ad8e8e3e460e32d2f10725caad96259bc91e4660c4ea42b7c00eb8805c897b1038b242edda36d89af50c04eed270055455a8ad6a3ca6249d99813f49ff1c4088ede16c1654154b3990a146a018f019e67141adde6f2c19c96009670a4155119899eb8082f26caeea8da808912ff0048044cf4199f89c040d88bb9ea92411e943e849dd198eb1e3809ff0069c4bb905c53e9f2772b3bd4e6b2e8e7fee2ac0733d75c01aee358cab5d974aae459998f9a47d6ac08ca4673808bd56d95b2851ea9219ad79d8401a7e5e6a0ccce0314f27981411c1f501660765ca4900c1daae118b0f0c04e9ee14f1ae15b96e39b87952eadd09704cc0208d33c8e2c1634dfeb03fdbecb844b32b0391cf2db38838e960d58dac36c1ccc349fd919e30a5ccda840807c7c7e78ab88a22ced0a59a649cb38fbb041b6aa2065043364ad04475d3031835a042c17692339ca7efe980f56e442ae73a09d328270548d6db4862c0133993fe18823e9330f339658c83c127100bfb4aa4fe5aed196635f9c6140ece30356d074cc02d903d0678b4dc22896abb581b6b8ff004f6a9891aeee8716a246cbde1dd3d65024ecf2e7d770397edc01c722a69acab0233dc4447c3702570107e4a0db2dea2a992a0852a7e04ebf2c045f93447a8ceac44285cc6b90565e87e38a8172b9f5f0a954bbcf6b494a5203b7f575dabfd470cc10e4779a9b82d7d2ff009cff0096b4b66eafd4b742a0660e2c5cd693ddfbcf23b7bd5fd85cd4f26a60eb6a9cd48f9eb3d41d7047aeedfc3fd42e1f27baf6de38e377ee1803b9f1d14ff6f783a595b6809fe42770f88c6b3535a5507b9f67ee15f2b8963f1bb8715a69bbf16591aec07ea11967a8c371335d2bdb9ee0e0fba6b2b5d4bc4eed402dc9ede32471d6da27f09fc4351f2cf18dc6aadacae970d558bb36c2bd64111139ed3afcc6245296f6d6ad7d446121410a3513e318181d7dbd6d5dc8abeb03073fae3c078e01bb380a281e8282ebfea107e39ebfbb19692e3f196ff4d4f911a76b6bb87dd9413a61ba009db1eae40a5ebc92020037ee5130cbf69d71aa9163c2ed6f491cbb9109236f1e92658082bbcc65909c4dd21de3f1911eaa9177224fc64b98d4653030d16dc6a902aa3a162cdb5402081191cf1354e81505029567200568808abe249c4c54aaa512902cac34ed0a0c4922496f862a1554547db100904a28d09313ba743a61519b2a46dc15019cdf793120f400f860aabee3c34e4d56a955236c9cc90272202e9823943722cf6bfb885f649e272fc97a803598ca3ae597c40c74cd675ba164755b2b60e8e0323afd2ca44861f038d202f8019c03dda7bff75ec8dff8174524ee6e3d837d44ff0097f09f9626e0d928fd40e33c9e5f0eda6d3f5371d8329ffa5a313cad4aff007cf6a6a4c71eeb6dcf201507ed3879d2b59ee5dfb93dc21768a6a072542771ebe67c8ffed8c5cc455962daf4c80e80780c518c51ec409f70e5371eb5aa93ff009379d950d489d5a3c00c346eded4e3dfc1e180d6ed5888650729f8e22b664ee0aa99ed2333b802a4f4035eb88323b9f164b3a905a41235906343802d5cde2591b2c6573a1200224cea300faf2aa2015b146d120b375eba8f8e00a9cb1556f7df7d494d2ad65bc8b182256aa259dc8390030c1c73ddff00a98deefe61edfc5b9a8f6f71db7562d947e6daa7cbc8b94e8a23f2d3a6a73d35988d67b2775afb65beb5c48e372188b8eb02727ffa4fecc06f4a0101948652032b0cc1073041f038a896dc07b6e03db701e2b80891180c25bcbe27229e776ebcf179fc66dfc6e4a807693aab0393238c994e4701d5bda1eede2fbaf86f5353551ddb8edbb9fc00001b636b5d51399ac9d7aae9e18ceb4d8e45446c508188540ac401bb35ce7c4620f06b0232da77167d80794e73227c06104aabc30d9656aa0b648560cb4e40f5cf012e47a2c778aab014f998cae47f97a601615d3b4337a825836e52aca0933d0e79e00e9c7ab9086e6b4330dcc1ca0339ea3e44603c95290fbad59721547a796432680046796030bfdb18a2db142be4722b988dd0493e1801d405d0c1d18900d2bb8c9da4c4c98f0c2833526e543bd2cad1982b2966699fc6270a0c6816ac5c95b210a0d6eccac1475cbf10fbf1460f6fa454a82a7b0afd2db833ed3d459e569f8938838e90c8152c2ace356eb8c634097b1acdac833c81d3218a827a8b529b376c0606d024124e26eaa27936825c92b27cbb40063ece9843100f65b6b25db5d8665a64fcb141cfa61b221958740376b19743899a4335a8dbf93615272cc9831f0c10376b83c86d33131138a05ead8a0a290124b006584ff56dc45c0daeb9d0860a5819101a0eef81cc61a8833720525538eb9982ecec3cdd2441c155fe8739d82729b8cb166ea824b30007d3965ae78bc219e3762e3d40bd565e6b7259844aee2733b9fe3f0c3754cdbc64ad36b4efc8cb0dcd0064a444678c5555f753c6e39db52a7f7063780b1b0c7e28fc7fd3f7e3a75caceaa001249925b36639927e271d18d42cac1e980aaed3ed9e1770f7028f73729ebed3be58f1cedb6d9d10b19f4d7f98893e18cc5aeed5766edbc2edd4f0bb3f1eae376fac4d1471c6dac4fe2f1663d58c938d239d7be3d809dc83f3bb7aece6a665468f1fc701c7797c3e670b96393c62fc4ee5c46dc0a92aeac3f129c483a07b5fde3c7f7420edfdd152bef28b0ab1b16f0b9eeaa3f178a7da319dc6978f53d166c5595304039b08e93d4622a494d5c805c285b733b972223383f7e26838a762ab6d0b9f95a7ea83a3e23589ad536068871d7a107a91f1eb881e1eb01b76127740dc24068ea7ae08353c267663664f332ac02c0ca73c14515f26a603d34f4208258fca60018a872a4e3d087fb82f948f2c053fcba74c40766ad78e4544846236a0ea3a7cb4c22d04de8881093131391cc0ca275c3100dc431650037e2fbfa7d98a6b0b610c0afd4d3008ccc8e98009473b8c02ae48dc7e3f760348f78fb7179fc6650a37367b97c7a1c5cd35aa7b77bfd9dbac6ec9de095f4c9f4ec3a289cdff00c87f101f49f3684c6f3596dce07f10467af507150238081c047011c07b147b106300bf3f9d476ee3372b907ca32441abb7f28c003db3c0e5f77e78ee1cd42198815a0036a2f4513fb71355d4b8bc3ad29555041e8bb074ea7eec40caa5465419d72d9032cc919e0036f12a620aa8630403032d34c54093880312010608c8c4823f7e0a305b691e5246b12214188f9620e7ff00ab1ddf96b5f03b2a154e37295efe5948fcd3532ad68d191407cdf3f962e0e6a5e75cce0888b0819189c8e28dc7db7eede271e9abb6f72fc8aeb50955f25917c037551fb30a46ecbb480ca432b00cac0c82a7420f518a8cc60311811e88c0408c00ec295a1b1db6a8d49c055a772e670fb955ddfb4b9e372e83baab14c16ca0eee998c88ea32c34772f67fbaf8dee9ede793c7a8272a9017b870c91f95611b55d776a8df84fd8718dc69b0af9a6b236b1073323ccb9027580270030a6449001595b0983fd23e580f5b53dadeb2679644b4c673a18fbb00b9a57687b17d470c487520795746111a7cb01152b59db5a1ac64bb55b3139fed1850c81e892de6133b994e808fd841c51923d2610fb588505b360d13b41fb3c0e208fa25e7e9dac3327283312233cfe380132ee15bb9d961fafd355858312d90d3c6700c555d52cad4ad76d46434932d130b04610346b668db63a06d24865008e80fddae038bdd00a9df90cc9db227a678cb4822b587ca54afd4e0123f7e00c6542a580aa31fa8c1ca2231056f3eab2b1b6b21837fa4fd0039193e3f2c3393551ebf278ccb47991bcc446df365248ca4c1c6a543fdb2d62e1af6728b04679127afd9e18698b917071a47523a65d31852b7bcd9bac0590c6d61d3e1f0c5c12168044f947e107300fcc61432b75e57f22b058661beafba30a846eb19ed65b831399832b9feec512a1910166db947932ce7114ca72adf48faafe9aeef25710c23acc671f0c674c06fe672ac67e3f08fa66b116dcadb8011f4a4ceeb0f8fe0f9e58d74eb7e9bad5efaec4b08b35ce3eff008e3ab9a00e289ea3010749c06cfed3f77dbda5d7b7f7026ce0b1856399ae7afcb01d0aee3d3cba96ea183d760dc8eb9820e0390fea8d3edae21adf90fb3ba30dc8b441b0aceaebd01e84e251c9793c847b3d4e0d0b4dd20d2e096bbd49fcb21fa36ed36e2557d0ebda2c7aabf59ec3c9089eb0015c1b760df3111e69c73ad96b7dbf61f32f22b53a05756adc47f5091f7e2d466cedbdc1547956e5020b56558a8f8ac8fbf135415a2ce1b7e6f15e27cb66d6803492be18954dfa88ecc5614823d30bf4966cda739c5c4150d883d461ba4cc8f2b0f1204c69840cadf282cdf2327851af506711505bac724c86224c38e939fecc5c430b0b4a92814b49931ae80fd98863d3401ea5a159401058e99f8e1caa2f6a1caa5963a6a00f87f8611280d4f24ec0a3cae3cade040d0cc62e23d5f1ac669320e9e523f66a31605f93c1deadb86e6d0331d493f66198bae79ef2f66b728ff75c53b6f43bd1d0c1523afdf8b51a9f6bf72f37b238edddd6bfca0604f9575ccd6da213fca7cbfe5c6b351b7f0f9fc3ee0a5b876ef603cd511b6c5ff321ce3e2247c7150638089c04701ec07b009f70ee7c3ed940bf956050d956a33673e08a336fddf1c05576fe073bdcbcf1cbe5d66be3d647a1c79923a82d1d7e5a622ba8769ed3c3e154806fdc22481940d73c05aad08202dae567e920e4467a8c067f2d14e72602e6de272f0c1117bd42410636ebe126359c008de85603418113f3f8eb868c9e55958dc098804ed391cf2f2fefc20e71faae57907b4f3eb32aa6fe33650413b6d59fb8e18ae74cfe27ecc110f53e38a037736a0842b827a8188abdf68fbddfb158bc5e7fa9c9ed2e7cf52106ca49ff00b946ecbe68723f039e2a3ac2f2fb7d9c7e3f378dcda391c2e5ff00f8bca46da8fe2ac1e0d6e3aa3663141990ac4889cc4f87c30118c00793c8ab8c9bed3afd283563f0c0d51f23936f25f739803e941a0c1031e180b4ec1deb9bedceeb4f77edfe6b2bf2df413097d27eba9fe63e93d0c1c34779e17715eebdb68ef5dad8d9c6e4edb2b6b3cae133dcac04c36e1b587c3198d19badb110ecdb622c1cc087065bafc7011b7908577d8595c4932244a1cb5d664c0c48042da6d9f4cf9c4c0da492348fdb801ad73739675d8bb548324c02329f1138a1d8de5ac4b031287cbf4ccb105b01eb05929036991b0330924a91b63afdb883096175580c0900ff003120e6c771d338c008ec52c00080b0dab6668465e591e3fbf01252a54073e58122485044e6343380650ad3c6f49c9288bba541300e6d1e31180e2c5efa8eda95597a0075cfeec45103b923796463a883d7c60440c01c3115850e191e726d0fc8fedc6754b5de9edf4d1d4b31256b63e619743a60209da9d995edda9b72060bccf511949f861487bfb5a5540416139827689cbe0d8942f622d4a5159b71fe6588033ca30c035f5c9095fe6071f429124fc55b15117475606c46af381e52a4fcfa6104b6b520d953303f8408260f469030dc50ac76b00f5403940761981f665890a0ff00e3bacd8c067309e232220c0c06bbeedf7771fdb5c615ef6b39ee268e393057c198ea31aeb86eb9bf65f7ef78edddd1b9dc9b4dc9734da87e903c157a018e8cbadf0bb876ef7370872b86ebea479ab9ce7e58a846ea9a972ac33180803809820e0883a88fd800cc92720001a93e1801f3ff005339becee1ddd8bb5deb7f75639ee87a7831d0f4b2efe9fa53ac9d26e8e5fcae6f279dc9b79bcebdf93cabd8bdfc8b58b58ec752cc711a6d5fa71d84776ef89dcb955efe076d70e41c859c98dd557f1dbf5b7c8633db5731d991910cb9705a64fd58e6d190e4aed4be3c10e5f783918c0447f70007210f830504cf8188c289258413b96cacc80423188cfc469852316325ae43443c021ab57811f516518a9a9549c669fa09236ab2928c63e797d9181135e053b48ab756092420dad3f2034c375426a0313f9803a9915b0652c04751b80c5462ee1f71640695aede9b91c1813979491899009b8ae3fd6a9f7819a906081e6f88fbb1aa18abd306090aabf1120019e7e118943559a879c8dcabf87ea07e3f3c4d5951b1894055481d26147c235c085ec2cf5b4c28ca633d3a1f9e2056fe1576bee2b9b4983033f975c5a8d43dc3ec4e2f73a9dc20ddac6448fe38d52399771f6c77bec3703c597a90ca21f301d7cb1e65fb31acd644e37bd397c78af9d55a368cce5703ff00bb65807fd67168b2a7deddb1e05d656ac75cae4fd9b2cfdf8b44dfde9da526194fc43b11ff00f6a70a11b7df749cb8d4073f27627e5fe98c281d7df7dc5dcbf2f8b42d2c4e573acc4e9b6afa647899c4a2efb2fb36de4721b9bdcee7bf904cb59666d97413d3128e81dbbb5f1f80a1565586ade10069180b5afaafa8c72fd9ae58a2416cdbe5260e84653d73cf010b24216639c02064499d70423730cb6863e390ca7a6001eb944c98800fd2d91f86b960016f7035429390e912635e980d67dd813baf69e471d154de91771c899dd5f9b6fdab230572e368db339460872bed3672eb71eb8aa2b0e7cbba771855d46b8a13b3b072a8a5f92f5bddc75240ba88688eac87cd1f1c45562d72e52a6dc7f09d27efc03bc7e6ddc7e3bd2b63ad6583bd13e52c32ddb4e538a86bb77bb7dc5d9d80e0f3ac5aa67d173ea544786c7dc07d988adcfb17ea7f239b7270bb9f129175a42557d4590166303721dc3ee8c5a8beb2cb6eb0d9736e73a93fb86288819e02617fe5d3041147fcf01d03f4b3dc5fedbdcdfb0f2ec2bc2ee449e38272af971194e82d023fcc078e33b8b9aeae789eb0454b8030541f4c4cc1cc910720319f4d466ca3928c07a8a1423393b722e466f94e5230f442e28b9422b2d6cbf556dba0f9ccaf40738f1d30f49067a3d4050d6a0b12001e520485050e627e7855883f1ab2a0ad2f288ab2606404b48318b5026a29a1942bb532de76b01652a07e1226227ae027b792960f45fd4ae21b691999fc4ad11960216722e415d7b36049163b01b467915266444e28f1bc83b9e881bb76e56064cc69fcb027128c23a365b8c23186611058c7cfe1f66038d96b0c8afcc7409a7f1c45315596212a925f281fff002d27006750ebb0af9da49d5581f80f86200d7c53eb2b870589c91960fc2312ad395536202ca2b254f906edb1f669841e75e4007ca8ba641a4e24097240660ac18142086569f31f962a3cbb76066622c88668e87e273cb11505e4b3b2a2d928d94444edf8e0257bde730db750b986907a491850afa84c99020c888827ecc15af7ba3dcd57b6fb79e5d8ab6722e95e1f1ce85ff9cff4a6b8d6633ae23cde6f2bb8f2ace6732c36df69dceec649c6d00c05a763effcfec3ca5e470dc800cb2742314763ecddff00b6fba786ad5304e5a8f3d7d671518b6a6a5cab0fb7106143b304ad59dd885444059998e41540d49c546adeecf77ffb69b3b5765b81e7094e5f3ab20ad1d1a9e3b8d6ce8f60d345f1c45c737f3bd8ab582ce4f94004924fc31157dc7ecddd2fe5f1bb7fa41393c9d118ff00a6a3ea7b63e90a333851db3b27138dd9bb771fb676e01b8fc7125ff1db61cded6d7ccc7f67cb1cf5a5cd5720fa90a02d910265874e988a697d26021e33cb76789a08804b0528f3900876e9e024e06262cbea208699fc520f97a79667edc4561ed0ac5ae6a81131b90a6ba48c504abd02b3e911bc65b4cc922663a62222de99103729989da549f8fd98aa956b7a3edaed85598adb52068c33cb0e1066bae4280aee0488532d3d32d3ae282d762b4284f49c7e01224fc049c009eea98b165dceb328c15f2f806030a9115ad2b9b29010d80cec5280ff0029689185585edbad00aa1dfb7ea61b4f5e9a7de3088c7a8e402214e72a010c7a93fb31730ac3581e5b691f0dd1f74e112804a3965b03564fd394124758c5292e453c5b7335a3069dd3d0fcce28a6ee3ecfed1cc5dcd4f512cab260fdd8228b91fa6bdb2e860180260651a6000bfa65db91c07ea74323f8628b6edbfa7ddaeb79ad01552265493e270c1b3f03db9c3e2a86ad20c8d2bcc88cf5c03afc61528092209623680358118a2043493e6800e72060810a8a912f3277334fc35c01e15481bd63a8dd19e804c786001705731ea81304b4932065032eb804f90895a4163946647f1c056729da0ec21a358d4c0f8fc714557239048cc1e9f3d31051f3f96b4a35cc4edad4bb465928ddfc301a853c3e2f299deeab68b555c2062a15acf3403f018a2cb8fd93bcf238e391da6e16d97e6bc3b1541654c936599667e3180d83d95dd3b571bbaa76df73abf67bf8521abe40601dd46ef4f7100ab374dd91f1c0681eeeeedc4ef5ee2e6f72edfc5af87c6b6c3e9d54a845807ebdab94b6a631154e1cc924eba9c0601e874c0178d61e3f26abff00f89d5fff00690701d949dcc5c7d2de607e0d98c699640d300451ff002c015167fc300645610c8c55d486461aab032ac3e444e03be7b73bc8f71763e2f72d83d4b14d7c94060af22b3b6ddb1e246e1f3c71edc6b66596adca137cbb6e0c77125b3f1dbe188a9d0b5d4fea012ec4866324ac1f2e7f6e206370b9ecac6454955561f4c79b5f865180f5d695ad5ecb677c8db30491192af539e2843fff00208c829e4258b2efbac000831979633598182c647a446e742d6b18b5cb6d81946de91d230a4452ce521b6aac6eabca5a7cdb846dca479634fdb8b520f4d8b7a9665552261172f3f50b1f3c5f44480b2d50145695cc10dace79f94e5b4e19db12386d9ca99c8024f8e796824f4c58880e772a9677550f5ea769cc4fc0e5828fc5f7071276f23796593612065197ecc3cad3c3bcf69c8d3996fc6c2001f089cf1980ebcfe11202301b81db262075d4624502ce6d7bd951b701e5c88ce75c3312b22b4b595f7007a098389461c3ab90c43b7d2b94c47f34e58501b68b4e559dad1044013ff2c5a15b2d6acba8124982e4c0cfc33ea7a61441ae64288a86db2c715a54bab3b691ff001a62e6535c3fdefdc3b8f70f70724f7146a9a96f4a9a5846dad7481f1d71d2465af603d80f601aedddc795db392bc9e25851d758300e03acfb77ddbc2f7150bc6bc14e70855451b99c9c804519b3138a8aaf747b9d7815dbdb7b5dbff92e1aae6732b69d80e4fc7e3b2f8e96583fcab94934689c5e35965ca56bf50b102bac09cce800f1c41ba760e0f1b8b757c91513dc3d65a852a37b9364a7a6880125f778610a58f7ee5f17dc77a769e20e5da80f19d4b4cb6e04856ae46a3c6319dc56e3d83bcdfcebafe373a9aa9bf8e10854736021e415dce3c4633db86b1b5f1ae1b4433209339e59633ab0fd56332ee5642920c90739eb2313e883f21676ba004cc323479b5cb00c5278e06ea9995e412e58992df1cc1c4ab125b2db1f7822c604aad7f502a333241cbe1820deb54ccb5b28f50895651e7939b4fd38a20878c1b32f58cc89dda684f51ace0a28742605aa06dd499d321d700644200dcdb94090448c4127dcec11c1db1e3311981f1d3144b703e479819804419fb713102baada8c6a6d8e3c0e51f1c500746ab26273cc2b8dd91ce175f1c5e065ab2c33da6d532d1908f9e19a8191c81bd5b38ca01226738c6aa400167fa5659728da3ec8d30a0e8ec04952a1b23a9049ebd7eec041bd176d079b32636e43a982b8511f46b1b4899fe53e6139fcf4f9e0862ae171d93ea42ea63ce84091d241c31433c6757dca1503080a1a4c01190300e359a8cabd94b2a957dad27d475f208fa739eb851aefbafddfc2f6c56879159bfb85e3ff001b888ea0b0539d9636612b9ca624e83146bddbff00518f20a9ee1db5ea5660a1f86debfd47a8700fdc7151b7adf472116ee3da195816248339f42a4647e0701176219840da412201f0eb38081b80462dbbfe4078e1b82bb977c810a57728707339620adbf90c60ab1932541ea0781d70143dc3bc716ab2ca1ad47e42863e9665b70e9e51ace580d4f80d673f9bb6d636dfb41beb3f5489775f4ce7f0803146c7dafda7672db8f4f06c7e1f73e54bd840dd500ff4a5b43022235eb882e3b2736df677b90f6af7d7152b7a147a3c9e2956a083fe998190ace93d3a818a345f7b7babb9f7af73f279bdc6935853e92716c19ad4bf409f97d274f0c1547dc28a6ea979dc56050e562e8c0fc4620adc07b00f76ca28bee55e60b3fb7260bd625967fa7ae03ae5549e3d75f1d98b9a9150391059428dad07c5631a674450300551390d7007459e9f238062b59fe380e85fa63cd78eedd9dfcd5d95d7c9e3af5164fa2eaa3e2369c63be35d5d0858f636f53b01421434104810be319e39b48a1a9562b5d84f959468584933f0c0656b77b5ad4b3690915c9dd0340774e718085b4b5b5d553d85ac5673ea8000dbba274d469862a3c9a454030dca956c313aae8c4f8c6b89b8a5ad5bab59a692092cc8b3931503edc02adcfd802cee860971319ce9072d7319e2e75677583de2b464aafa8d7ba0b7a7d146be5eb00f488d71614d50f75acf6520dd4fe1b558152350b273df3967f6e32b8e38968450cdbf68f2ec2b2b3fc71d981032c96aae510ba414da0f48220e20c371d6e5045627f090066358104133f3c4132538c836a43e85079726d615f2fbb0d5150285b6c925997685ca403d4fc06242a228e25f22d52a41050883223e9d670dc5a3d6958915bee3f15236c7df89a087d35576de823ccd98ce319006708a582a913223c4f860aafe4206758161249892658f800046007d9b9dc57ee965e4864a3753c66e9b8e575bf6c6c1f007c71d3ae4675ef7bfb1783eefe19be8db5773ad49a6f1a3c0fa5b1aacbe7dee5db799da7996f039f51aafa8c32b0fda3e18295c07b01954676088a599880aa04924e400180d9d027b578f6d7bc7fbbdc86be558873e323087e356c34b58656b0fa47907e2c51455f25afb95594b1660a88a275c82a81823b837e9af1fd93ec7ff00f63f7359e8f7ae56c5ab863fd4a5df3ab8d528faef6fc7e1a606b426ee9dd0f39aaedc157b9738351c93c78102c1b5e8a9fa48cac7044e63499a8b5f6c716ae21b7814f1f777447657ad4812aa3f3199cc2a56806e676301713716aae9ee3dd5fbdf29bb00aedacfe51b990b56e14eede37c428fe6eb8cee2d6dfed9ee9cce4b7328ee0cb6bf18a2abd4be9822c524cac99cd718edc359adbb8b6f1ea1153b561b32930b90f8e33bfd6a19f4a86dbd5d8c031220e33432a5110a6c2aa3a6df2e43e1063011a78f5bbb3a2866332cac53cc3aa8600e2d433b76c936348ffe412b9e47f6e0a8217ffe30e4c87752641981a1c5060b2fb9eb26068478f8ce2513068552db4a3667e92267e23018dea0a84b721a2924e5d359c54155f90a32657ea24022474311852152cefe77af70cf7488cbfa770cc4e98a27eaf1ed21e194002083240f1d675e980c0bd405db712fa80440d73991f7e10602d96becdd5be47ccb9759e9e18233e9157f283b743b49fb892313411ac050edadc9d36f97a8e98102aede390431921a4a3269e3f7c678d51861c756cd564e84378fc301137d08a4904063f84861e1d7018b6d4ad959b24ca19b3cfe19e29197328eaa46c81e6fa6260f4c291c4ff555ed7f795a6d6dcbfda714559ee1b761d3fea9c6b1969cbcdbf8537719ca36520687fcc3ae0371f6ff00bff91654bc3b6f3c7e5061e9b300d5b7f4ee398f919c5c1d13b5f76ab9ea11dcd1cb510d5912add49af31f68c5a27ca36364f0e3c549227c769f0c33b24575ab7be4a19a64ac11d7ae1708d5eef73f16fe62713875d97bb17ae9b86d44dcb91d73dbbbae146afc247edfcde2bf7346a10865af9160fc87b412777aa25637622b79ed9ed6e1fb8cf0f80eab6d152cd9dc2923d4f51bccc6bb84e87ecc5cc431c71de7f4bfbf4f26c1df3b53f96ae5b03eaa6ed034990ebfcb30dd0e2c2b51effc5ee5de7bc5fdeebe50b6fb3cca54ca3564e80652bd0e520eb9e21553cdfed397c61473c1a2cafca8e416349f8756abc474e9f10d739345fc1bdf8d708611201956073565232208cc1c4535d87b49efbdeb85d992e4e3bf36e5a2bb6d3b503b9840c7a49cb01d4fdf1fa05dc7daded33ee2e3dc7916f0483dd38e33228260de835fcb6fa87867d0e0398f16d4e2259c6b20b2b66750548c88c0746ec1ee04efddbea4e4396ee7c14147219beabb8ebffe3dd3d5947e5bfc94f5c5c4d5b2affcb1530645ff008eb803a27feb8069133f8e036af61d95d5ee04aed3097d16d63c4b2816209e99a633dbe2f574a0c41a9416dbf5b6d0333903323af4c72c6def594d7a1dad9b0d0a96623a78e086788596d504fd32262608cb5c144415b145a081658cc44c1598cfec3819a9964652190abd69e749d371d478e26e00dccae50a9da8c1595802083bba0c555472f889c9e35aeab3659c825899d4e4bb87c0362e691557536d168aec426ee1bb1dbe3035619f9483064e2e6b2cd6eb5b0ba877e38670f6a06dc265405201fc11f3c07351c35600b1006aa40040033cf6c7df8da0a96ecdd48280889951a1ce4023104a90bc80de92ed2b9a599a660f4da48c079f896b16763ea18850e4f967e43100bd073958e114c673b55878027f76030b4f294c1ab70125f2da7fa74d3ecc2825567a55b312518b66549ccff138a076f2152c1bdac72608db13b867a6989009f9165aa76faaaf99046c39780530312154fddf95ceed7dbb97cf4e46d5e353bea0f4ac96fa54020e465a7162d6a5d9bbbb71b6206951ff001bbedd4e348e95d87dc0b6aad7634a9d0f862087bdbd91c0f78f04db505abb9d6b345e3f17f4b7c3147cf3dcfb6737b4736de073ea355f518653d7e23e1805701b47168fff0056a6bbed11ee2e5207e35675e0d16095bdc74e458a7f2c7e05f36a560283929c87b76912141db19881a9c077afd07fd33e170380ff00aabef1dbc7e17091f91daabbc4aaad4096e73aff004c1f4878f9bf9701a4fbc7f53395fa81ee667aeab938eaff00daf61e2af99d12c3b4b6c59ddc8bc900b74d078e28def9fec3ed9fa75eccaf97ded85dee5ee7148e1d4417169cd78fc63e15eb6be9832e76799dd39dcb6e2712c16ddcc84e7589095de64456488fc95206bf51cfc3145cf646e42ff7ddb4f1d1393c725afb9a528a684faefe45a4796b5fbd890aa09389b8b541c7bbbe723baf22eecad6f1f8d636dfee32ae6b43feada8c1a35f2aebd313716b75f69771e6f229e653cebede51e2f21516d75566dae9b80200035071cfb6359adbeaf45a14ed5602480767efc62359a2dcce6b9a258afd68e72da0c4fc33c012ba9944b91284c2b0900b7f2c7c32c4d533432b1dbc8b4b2364aa573cba49cf3c10c94a99bcbb208d0794803c3e188ac70ec6e454ef49680c55833004c75ca71778415acb4c9015893305478f88c3354b4c165f465a3320ccc7569cfe58acbc8296420d764ea08008f09d460a1da8a542d363060220e5ba4401ae470180000cc6c566589465f1feacbeec5658d8f9eed9b828ca401234cc19d30aaf53c88b07ac8b2328af398f1cb012635be705774b027cb03e107003f5a19487f29d413f6642302a565af91255c930321f718c0099c10aa1429cc8d489f9e2815e8cd592d56e8c8e93afc462e6a16fcb7c9c381918064fdb9f4c5432fc9af8eb65d65c29a106fb5ed60a8a07d4cec7cb03c708571af7d777e0fbb3bdd57764566ab8b49e3dbceb06c4ba18b2b2a448559233c6b31375a873b81cca38e6eb2a63c72db5790a09a891d3747efc582af01b97b3fddb5f17934f07bdbcf1642d5cb33ba923e9de466527eec5475ee4f19828b9619480cce1a60309f50119153ac8c4dc5cd73dbbde77d82dbeaa6baf8b2e94962cd61db2aafa812758c482a78fdb7bb764ae8ee9cbe2faddb96b28fcca0176a059f8ecace723eef8e3511d37d9b5fb7fdc3db7fb3a8d5cee305097f16d5ce3faab3982750467f1c5c4d55f70ec1ccfd38ee67b9fb5790f6f6bb4cdfc1b5b73560eaac7f12ff2d9123f14e057b93ee3abbf5a56e001b86d15b0f2be52508ce1c7875d57e146b3ddea7ecac9caa559b8acff0052fd55b69d729f09c9b438829bdc1e972f8abcfa368b54063b3e96072dea0e706208e872c170b7b753b5737bb76bedbee95b28edf658ab5f220a94aec6da564eb5863b87819f1c655dc3f527f453dbb57b4cf23db05477aed40deab4fd5c9e328dd6d7f1b1546f43f31d7295615f6ffea9723bdf61a873caf2f91527f67dc0d8772df09b37107516d673fb71215c17dc5c15ed9deb93c1ac934d6f1431cc9a5bcd5fdca40c6913ed3ceb7b5f328ee1493351975fe7ace4e847c5701d7902908e8651d56cadbf991d43a30f9a9c6991d13a75c0335a67fbf00d569d701b47b2bb5f3797de78fcca6bff00c6e2b96bed6f2ae6a46d53d58ce33db785c742af8f7d6cbb25810a5b78236ed32a369f1f81c7368449622bbb265c81319c4e5975833891446a585c0d4640cd9676b0006727eccb0346acb6ef3c3480a40e9b64b127c4b60082de1ee3bac876cf7a79a72db1ff00d3a62c406f011ec7b5c7a2a9b4b8c844cc1074f3698cae680457f98d5beea6c605b33911b84ab75d717140e470d3917272e97365eaab5f2287208b914e47e0d9fda70a9159771b772871ab5775b19a42200cb63081ea00241cb5d231707225bf636e4deeebf559b254f5331a1e98e8c9be387e422b519259b88241df19c4a9cd63c71006cdf4b8e2b2a8950c1a962588063cc86353a41c037ebd8b012b7644214ee628ff001daa4107ec38502df73c9a59dc4e5b84a88d467f0f0c078b84b01b550eecab4da6467ac82233e98064f26b2177aec23f110d20fdd8056fb78fbcd65b6b4162a148397c235c00ddab70a7d65312d04f9be24111805fbaf178ddcbb5f23b6585851caafd36653e60350c3775060e20e4bcce2f37b0738f039c437e2a6f4fa2c4e8ebe1f11d31a45df69ef0f430f3644e0ae95edff70ad8aa8ed2a7f662097bd3d93dbbde7c0df5edabb8d609e3f240d7fa5fc67173471dafb09f65a3779f7250adcf0ef5f65ed9600cb75959dadcdbd4ebc7ad87947fdc7cbe956c06abc8e672b95c8bb97c9b5ade4f21dacbae724bb3b996624f52701b4fe9ef61abdc9dfa95ee6c57b47040b39b196f59f2d00f8da441fe99c374744fd73fd43bf95db789ecded7b68e1d9b6eee029056b2b501fdbf1563cbb10798a8fe9c4c173fa27ec2ed3ecef6f727f56fdf1148a686bbb652e06ea6822072029ffbb77d350f033f88451cdfbafbe3bb7ea3fbbadb0f1dcf239cc387d9f87512e68a59a168ac7f33ff00dc7ebf018a9ae91ee4f6c766fd3af6a70fb7b3272fdcfdcfebad4c1675f3358adf828a3f9bae295cd91fb8773e48e371b906c57753c9e4d92a97584f95ec1d114fd0a7e7ae08b9eda79c8bdc3b7723650bc26f5393ce75fcaaa8fa776c1e6b2c63e5aeb19b31e824e26e19ad738d5f76e7f72bede32dbc5e193b8ddea9465ac485dfe9901ac6ff00d32c4dc5adf7d93ceb9b85cae2df71b9a9e494537b7a8fb1955c292e774639f6c6f35b871f79ac7ab5afa6c04ec3e248f8e39eb4985f392965824f501a4378e99628651ee83bbd3707c644c78120e027ea978dfc739c79d1a40f8e4702a4b656a00864339448d72e99610785c03101c2ff004951264e99c6b842a736ef72acbb8ced07227ec13962007a9ca4258a2158da61c0049cbfe062c2abfb873eda9196b2a8749785d83ae5d71aeb880f1392e6c01aff00346edd05a67e071750f1b12f0772860a6402321f674c454561417291d5c02667e07ae0889e59df01c09d03679f819f1c20c59dc400b0bea9520322804c788cc61049b915303b5431331073c1406b292cbb2b2bd6046bf018a32d6d6440731a0f30fb7ae22694eebdf7b6f63e11e6774e4357466b556007b6d70334a9273f89d07538b983927b87dd1dd7ddf76de47fe2f69569a781599de47d2d630ff51be3a0fc23ae3a6631bab7ec3ed3b792ab6f3d3d1e30865e3e848f1b0f41f0c5dd17bcee7f178f43f6de0d496232fa76ee50d5edeabb4e47122d738efded2b290dceed6a5aad6de38cca7f5278afeec51ad7278bc9e1dcdc7e554f4dab128e0a9839839f4234c41befb03f50aded1e9f64eeec2dedff004f16db0ffa3b8e75b13ff69be3f49f84e28b4f737b25b8fc8afbbfb7a93ceed326eb3b42b116d2419b169db2c50786657c08cf046d7ec1f71f67eef57a4a7fb5bd562ca2fdbb4a93b726fa594e87f6e2a16f747b5b8fedbee63bc7b4c9e15c24f27809f40ce49ad67e83d6be9aac608af3ee6b7b8580f35a374016319dacd96d73a153f85fec6cf5aaa6efdc2b784879bc4af771c11fdc5598d99c832330b3a11f49c4171eda29ee7a6ce05917586b3bd5c006da864f2068e9237c7c186470149676bb3f4fbdd7dbd7bff17fbcec3c8bbd5a1ec121ab2425a3fcea08de3fcad89ab8ee1fa8becaf6afbabdadfedfdb38e2aee7c29e4f6abe0212d00bf1dfa85b408cb46838cd6a342ecffa93cee776ce3bbdc5795c6ffc7e4161b5bd5a606f2bd372c13f19c352b96f77e5d9d87bef705edaa3fb6e5b2f22b406028796da3e44918a29f97cbb7b8f23fbae4002cdaa83ae4ba6022bf7603a97b0b9c9ddfdbaddb2d2073fb3bc71d89ff5387712eb5b4fff001d9b829f8c6160bf4420c1198e9fe38d3265174380d8bb07b79fb958b67259a8e18206f83bacfe94311f6e33dbb45cc74aeda389c7e32d5c0515575342d4b9c31991aceeff000c71dece86fd47b057b847949064c4927438b8903bd16d66cb707f303f8e09d27e067ecc5a175e55f4dcf2bead5b5735124030095f189d30861aa3929ea2046f26e0939ed3ba20e79e63104dac75b193d319306672748f8e19a24b78b2bcd00da4b3663e5983acce025553c5ad0fa43d313bb68c81f16da7288d7a6280d86cf51eda196557685db915503f77edc412af9e7cc4a01b9428f2c391194fc3135638223b0006e0d3d4797e3247c31d58159f8ebb0da8ea4b2ed03e1a79948cf00c9556b6d7366fcf259875f139e7bb00c040265c93b4436cdb23e1b646588143c9e42df0bc75b52016403d370a3e9693e53f6e2f0175e77185df9f4dfc6321480a5d748cf60c3301d2de23c01cb522010ad2b235ea3019715c6e5326244c119f5e9d3002b9aa7f2865057320883e19679cf860056d66a8ac210173104180c0e799eb88287bb70b85deb88dc0e66d39ef5741f988e32dc8da48f0ea301cef93c7e6764e67f65cdcc3674dc3e8b50751e04751d31aa2efb57767e332b06253f76037ce37bdb8fdafb5ddcfe5307ae85dc6b9cda720a9f1639622b88fb83bef3fdc7dd6feeddc9f7df71002fe1aeb5115d483a2a2e431515bae0371ec1dff0089d9f815f16b6db63b7a97378b9cb3ff0028cb1345d7b56bafdebee21caef4a1bb176b21bd13f4dadb8bad7f3b9fcd61fe511e180b9fd74f7d73bbd0e0fb7e895edb516bb936202b5ddc840156b1d08a14c40d09c306e1fa45ed1ecdfa63ed0e5feab7bd404ee0dc72ddbf88d02caa9b47e5aaa9d2fe4e83c17c25b1472babdcddfbf51bddf70e4546eee5de6c5a38d5d40914d20ca71d3f96a419b78c49c5cd4dc74ff7af68ec1ec1f6df0fdafc065e4fb879ea6de458c600419bf2ad3f86b423c83ae2a399535723b8df5d7c7b5c71aa71bf956c92d65860df6fc4cf957a0c05dd34f268b3b8f0f93ca15f0788c2cbf9a02b5bb08dab4f1ebd1efb1b251a2e6cd90c4856b1c5e072bb9f2aee45a95ff6ea7ce4cb3d6bf86a56cb73789fb7137171bf7b13bbf0383da6cedf7f269e3d94f2add896da8876590c32b08ca7c31cfb672df5d6eb5f32be4d5ea5760baa7fa2ca983ac490619641838cc6864bb8c243280a732a72327af4c1058e3c10491ac0fb72d3023db0882b6b83e073044cf4c3134674b42b29757cf539303f19c5035ac010f56d9523cb9fed5c4095af40f50a486dc36f98111e3e3d31614b722a4b4eeb57d71aee2c158647c7001ac298709b562147d533e3e18a19a6fa448b895422046e10c3e18a959b5e832dea64272226447f0c3302c2c04b1f55632139827a4c6107903e646d9139a1cfe13e386825965caa0910ac2589197c33cb122d01aff50a8853b40060c7de0e10ad6fddbef5ed7ed9acf1910727ba912389a2d64e8d791a7f94667e18b989bae58addff00dd9dccf379363daee768cbc81667d3ad34083eec6f311d1bb37b6f8bdad073fb8b036a8993f4afc1078e2d4c139ddd2de5cd1c606ae3f5fe66f9e19801c7e2b58c110493d3146c7dbbb3ad3165825ff60c069bfa83fa7e5ebb3bff0064acca0ddcde1ac9f28ffbb50e91d547d989b8ae570738d0620df7d91ef1b78e6bed5ccb1e440e2daa61e57e855248875fc07afd3fcb0a9b8dbbbc71387dd057df3b605e2f795f3f20d002d5ca9ffbf5ac42d8df8d621ba89c6915d577ebc304e5b1f400f36649a632dcb39fa5e2bf83fcba007be76dbc56ddcb8224560b722a0372943f53edfc4a47d43c33c05bfb0efe3f7dbffdab90e0d9b0fa0b61ddbc012f4393f510b9a9fc4bf107015ddfbb2f3ff4d3dd5c1ee9db0b59da39566fa1b33e915ff5687f8a2931fcc9f2c0762f7653d8bdd5ed77ec57a54aedb793c0e4b10c69e485947046aae0ed6f1538c5e5a725ed9ef9e59e12f0b94e6ae576e63c4b55c92d1518ac924ea17ca7fcb80d2fbf7f75feedcde7f6a606be515bedad33f391f98c00feac51416f26de5d82cb9b7301b67e1380ca8cb0135c06c9ec9e59e277adb2425f4588ff0012b0ebfb461a3a155dd2bac8f50eeac6b9e63e589836eecddb05fe972f915b1a5e1d2b20ab153a128d9e670dec66372a987916e252b801201407630f2ed9234c73dd6a1de33a8a5692f297485524169cd41131f4b37cf0ab161e871ed282dad592a03caeadb5493bb702a4fd8313d6106a2aa6d09b1b6ac80116c3037799890e31ab82638609fca2ca255d4050d396dfc244401825417b7f211815b94083ea258a4139ee103cc246786898e3f25e04a8698deaea4121499839cce19d4af254521c23a12080482480729ca4698cc50d5b9163155535059536980cc5003b40310bfbf17312a61dd6dde973157905fca447d910714656cae0a1766559ad5a244367a6519e588ae0b5f1f930025e2e813b2c58d7230cb31f238e99ac193c850ca9c8e3ba2c64c92d27f7e28615ea763b5d59036fb1fea0a3ea9d3ca7c24620c3381a58195da44aca966126060074b726c9695f48c10aa2573c96149ca70135b6d98158419eddbb81cb2d0e980f12aa0ee7d80fd5ba24e5fd33805391cb4aff0025af2ad978c6dff138013729c2b7e7e64e5240190cb51d300a135da2580f54a91b8119ce6464749f1d31029bd690c10250741e900a3c227e18a2b3bb71b8ddd38cdc6e62ee499470407568fad3c0e0349b1393d9b95fdaf28eeada4d570fa5d47ee23a8c50a77cee6d72d7c1ad8fa287d4b04e46c232ff00dabfc7014d5d6f6b6d412700f55c55a977b799fc7a0f962083d35493b733fb7017fd9fdc5c6ed5c1af87531483bac61d5db527e5a602f7d982bf73f7e3dcfbd287ed3db8a8a78ed9abb292d55507a1626cb3c7edc03bfadbef0ee5ee0e4f07b782dfed7c63630b2216fe4a9d96365a8afe81f6e183a17e99f63ec7fa35ec7e67ea2fbb954f7ee5d2071382d95c95da269e3206d2cba3739fc2bf238a392f65eebee1fd45f785dc6b90f27b977db8166453b6b4525b6ff4d352e8bf0c5cd4dc753fd42a7dbdecdec5c3f63f6401fbbda86ee5f21ffed5073b395c823f131fa17151ccb8bc1b7b85953525e8e050fe9a721c13e773e67b3c5dfaf8643016557112ab7b8d3c8e685ed9436f66a594722f6221789c7fc21dcfd4fa22c9f0c4828b83c0b3965f9165955b4a9fcc4284b2e5e5a919ba01d71355bafb33bdfb77b77691c3ee5dceae0722abefd953ef51e9336fadd76a9054c9c73ed9b5bebaddf88cdcee32733b5f32be571ac59aec56dc8ea0c797709c88c67e2d1fd3e60249ae4788cbf769882486ed591c1ea2663c201c28935c6b805a24924104c4693138a6a27995aa1704b12046d20c413f2231710addcaf50b7ad49aceb0c21a74faa01cf1a401959ab601c2b0fa4690c467a4eb82b02825737c88ce0a91f3311854642794b55600cbe562d3afc04f4c15eb15b6ad7695ccc869cbeec10b0a6c4a81b6b04b92aca3311f661460a26a0320d028246bf7e0082c214a6f6819408d00f06c051fbbbbaf70eddedce7f2f82eab7d6aaab628f320770ace3e2a0e2e0e31daeae27279ec3b9d8c598ee52c72b1c9cf7b1fbf3d71a4757edb5f6bed3c34ba98b0baf936ea7e1f0c542fc9e4f239f66fb8f947d283418a18e1706ce4385ac7cce056d1c0ed95f19440963ab602c92b8c04cc28ff001c071afd42f69d7db395677aecc83fb5b4cf2b8c048a98fe2503f01fd988ad12daeb74f5e8c87e34eaa7fc3106ebedaf741bab3573589358ddc93ab15ebca4f8affdd1d479fa34da8bbeedda791c947ee1c093cae38f52d5af3de9122eac099cb51d462a2dff004e3ba70395cb1da79a427a9ffe09d556cfabfb7cff0003896afed4f0c027eeff006d5decff0072f1bbef60dc9dab93687da999e35aa77bd63e1abd5f6ae0378ee56f07bdf6fbb83cfb47a7c845b69e420f206237d17d53f8739fbc626eae6397f17ddbcae2d4dda7b9586abfb7bbf1c28303d30c4a007a859201f08c4157c8e270fbbf379bdc959e6cf499991ca79e0abcfce01c4dd533c5edf5717c8bb9842b0627734b00d99c4aa579bd8f8fcc2d653f91696836479098d1d7f88c2914bc8ed9cee14b5f49f4e63d64f3a7fee1a7db8d540173120cfcb3c05f7b53b6771ee3dc03f6fa0da1014369f2d4a5a01dcfa653a0cf1374760ecdedbe0f6faece4decbcbe7d0a2c2c47e52cc01e8a1d75fa8e79633e9731b7f12fb5429f44396b42870c67ca02cce700fefc6771a58d574b58b66e2f6ed44dc370ce06e1e11881cad90d06c2511eadc002b0c338dc3ff6ce28b0e35750253360b9e6672dbae53233c66ea9e444cb76e619480606dc8119eba4e1ba0e1adb3657211e21cf4ca4e4444f438b88c86e51842c6d8552181904ced2467ae9ae03dc8373f9bd35b14c825b3daa4cfc09d338c513aaeb6a60be96d27304139c8cbc409d2719a4485cb1b1b7e403998713e13fd38dd4803af1dfd467285446fdd5c05ce41ca32c4b8465787c5e407162024e64258cbbc640120923a088c260e155ad6aa5d19c3b4795a1a18e7d31d191656a4de58a38f318f9c2c4eb0708332eccaccea900a1958acaf5dd05580f960216b1dbbd2e74620ef1c6276e7fcd9118a1747aea8772a4004a00a6b6dc3af90b2c7d98022b72eb40f690cac42813b89033d5667104ac74b06d23e9c98b0119ea7cc34c021ca5e282cd66d33e03cc3ed07ae031e8d68de49cfcb916e824f9b3d3009daa8aac0d7e273ccc9f0f2e02bddab04f95b6ae627ac7d98052eb90e6a4cf8c4671f2d3015bdc2aa797c56e3f2577d673107cc187d2ca632380d59bb0a0b0bddc82eb3a05dac7e7338a27e855528a694d80ea3e7e27ae004e87300e9fc3102ccad3244ff0c005eb4cc6d139f4eb80bbedbee4a3b770e9e1d52a8825d86a5db366c20d87d8e17bc779ff007cef4aadc0e1941c5e3b09566aff00d1ae3f953eb6f13f3c04bf583dcddd3dcdcfe08977ed742d838a41cadb77ecbaeda0cfd4bb14919c65860e99ec8e1f65fd0bfd3ee47bd7bfd4b6fbafb9a04e2f0db275360dd57141e9fcf71e832d409a393fb4eef727ea2fbc6ee0dac795ceef771bf99c92b95614ee6768fc083e9519698a9b8ea7fa97c8ec1ed9ed5c6fd3dec142272d2b1773792fe63c6a225adb8f5b6dd63fc7151ccb85dbece614e6255655db38a7d34b227696237339d0b31cdbeee98070717b6ff71dc1efe51b3b62c14e1d4fb6de5de042f1abb07d09f8ad71a2e999180abe0f1ac35b5a796b62a4b5f59aca9568fa43368a00fbb1956e5ecef79f66ecbd99781dcadbebbd2cb4d6138ef6a354efea5677a7cce58cee56b35bf76bee63b8f0a8ee5c451671f940d94d9054b2c94f321cc6634c6614fd2ece4b3ab4e4a520f4cb291f6e245a88aeab6d87ab6b185db9f527291acfc3120cb70f8aea5452c1649583b97c3c27ec38b0236f05766da0b84810c24883fbf3c30a4c70ec45621b71724068591d233cf1408f1eece42b1000d8e0813d1b2eb80c356eb9a28dd30e37e9e3138520365ab23c99820eee997519e2a30dcab0a852626589831f3d308066f7fc0c1d7599d7f76784197e4dad129bfc5b5d3e780afee2b4771e272383c848af9353d0ce23ca18403f618380e13cae3dbc7b6ca2e1b6fe3bb2583e2a60e368bff6efb8c71b67139e49e3130969326a27507fa3f762e0e95dbbb5bf28ab91151821ba107c3151b3f13875d0812b588eb821e548c15230a24e08a9ee3dc454a554e788ad6b9161bcb0b0065690ca73041d41180e61ee8ec2dd9797fdc71813c1e413b3fa0ea6b6fe188aa4a2ebb877d7cae3394b2b60d5d83504603a97b1bdcf5f1eee2deaa0d21f6251ff00c6e46e7e2827f0b005e827c0a74c5cd4d39ef0f6f71fb677ae37b9bb012bda398eb6db4d476b556160cd5d7fca2c8dc9fcae2315171defdc5c3e4d16f6de41fee2ae4568e9c8d37abf9eabd54687e1d1a46039d27b8797c157eddcddee78963223a862be9b1de172d0024951f1c65a178d5f13bc1bb9f6f195c5ac837d8924ed5d87693d3c71343dc7e12503d1ad4535aa830b978ee3f32671145a55e1240202a3305cb45035c413ad1e549505b782646a23143b4d72b62b2c0695c8ea60a899d63114cb765ec9ccb43dfc2a5ed3f98b2806bb48076c4f8e78546cfc35a96b1551b56b550284501012011b154446e188ab8aed6ad58327d4a02ba9246e0e618ccc67d3114dd1780aacaac1d1995ac4f32b65bb383e3a62416dc6b2d455a858c15553f2c95dc438cccb4e703145957c9e51b056a8199a158c010c0c832a7a818981de25a6ab926adacf285042c29ea19baf94c8e98b4c59516d2b5d7bd1ebe840ce0341ce0e320f55b41258d9b4ec886c89cce7246bd7143076be7532a9057730cfc847d5913ae208ed60a50c1590ea50903a9223238830cd629630e3a02a3728831a74d714129bc41c9433651b48249c8ee5e864e006a119025488201ff4db3563aecd641eb8bc0356b52a9360b6b51e500687af92272eb86ee0f9e152adcdb12c41ab159307e1e23c71de39889772c3fd66eab2281c078272020e631228ecab52b8746f47690452c6a23765f49de35c400a9c71eb866f503641b604c8f8804ce5d60628f7aac5f79464f00c86207d339e98833e65bc2b2a7e5921951bc907ea23a678419670ebe52441c96095d7cb983a6002f77a735c8204e4349eb3230816715a6eda541fc4b3127e1805ac2d949807f1eec8f875c023686d20e539eee9f7e02baf10a4a122663cdfe380aeb9fca33c874272cbc3015d712d3391c02c6b67633a0f0c3405ab31a6bd0fc30506c48cf3cf00b3819ce0016288300673e1822df85ee3af85c5ab89582b5d620919124e6cdf33841b27b19979bdd3fdff00bb00f4d0ca389c7225775422958fe5af5f9e023faabdfbbb7ba7b8707907759dbeb4b1782a18167f3ecb2f283302c758563f505cb170754f692f67fd07fd38e47b9fba56b77bb7bbaaaf1b8cdaef613551ac84ae77dbf76b180e51ec2e3fb8bf517de3676ebac7e45dddae3c9ee9ce20135804b3dcda0cb455d34c54dc752fd4eeefda7b0f013f4e3db75251e9207ee37b2ee6e371c66371eb759a9f9fc7151cdfb6768e473f67725e33a76be2cd74b1fa5003e6663d58932c7c7e0301214765b397cce6f26df5f88a36d3c15257fbde4ae55d45c7d352fd769f01b466d80438b42d34b4f2d89ad4bf212c40905ba863985f0c456c7edaf7a71fb3f6ba7b7f2b8dca7f49ac6aeca0295296317af266520c3631b9caba176aef69dcbb771fbaf1c16a6f4de8b664ea092be6127c20e2298aad218b56eab61ce0995319911f10310582f32d3b18e4dacac490074fbf052b7b5ee3737a85567688cd7e3f1f8e182097b6d0f04281a15c87efd70444b2d90e100604687ca47d98a316d6b7a9dbb254ed20a83981f7e000dc247050af9879b589f867e1801dbdbe48dccde9ce5b60fdf23f76015bb862610a8503420831f79c057db5db5904286248020c4e284adf501328e23acc8fd98239d7bf3b77a7cc4eef5e6bc98af91f0b54795bfea51f78c5c1a7cec69fc2dae28e93fa6def2af8ae9eddeef6450e63b7f218e48e7fec39fe56fc07a1cb4395cd1d71544023ae631535224289c1153dc7b88ac15439e0ad72eb9ad6258e2011c02bcee1f1fb8716ce1f2977536883e20f461f1180e5dcfed76f6be759db795d73a6de8c0fd2c3e788a8768ee27b6728fac19b8b68f4f975298629208643d2c460190f46180ea75778bacecfc9e25ecbc8ab606b995605b4da3757cba47e1dd1247e170c3a62a6e34ae35fdd407a78f43f2eba2c65aed48393f9f6e67c64fdb85175dadb9229b2ee551e8db7d9b8a59936d44080c0c6754f2aa86b000e010d9f801f0fb0ce228af4552c0bed0bb02071d589dd31809d5c721db6190000ac4ea0a9e87e5809ad4e90cb2429558da0c4f5cb00cf1d1ec715902374cc18fabf79d3122d334a4fe6a0086b0551ba0813b413f0d3e5826acf8cd65836e6cf11b818619c36a32f2feec20b6a2c5b77055c98bb6f922104c36d1ac0cce22acf8b2a156bb080cdb6cad84ab04522048ce4b6589aab4aaca141b6c640ce492c7cad066040246a3eec4163c5af8dcc4acd4055540f560f5605814ce7709d30f81ea557657b6fd9e9a8dfbcc4ce4c7cd39eb8caad22ead856db6c524b6f61964a60e5a78619f41ab7b15887ab699d9b93aa9cc8cfaf4c5a906268b203a302b204ac005469230cd5645750fa19ab53e6755630581827cd3ae20cd8bc9d80ab971e604ed56311132bb4e5d71464726c4655703cfe62c81a0364218e794698b4dc79a6e60895a6e5c91a42ae64390a204c6256450deb2a5a95e562c16923ac7d2088c2ac7ceeb63bac33310a7ca0eabe11d463d1ae6f595a3136310cd1e704098f0c41004845a826df37d3ae473f2c0cb051507133226b2d26558a6ef901fc304650de8caf5f22c80496dedb984e4326047cf0c19b5b94a4ec353965980a10131a64465f1c02feb916950f3b482c36ae596624413182b3bed921483949504a9fdb8817b6c40a59d76289259a08127591380afe5dcacd0ac33ca4111f2c02acadb594926200322700958646d0490331988fdd8a11bc091a9f803fbf10216aa8c86bf138a31553e52e4e649fb8626813ae637083afc4e2296b167edc02ad54e5960036539e58a803d6429e9918c1565c4f709e1f1ebe2d68c29410632267ea3f338446cfec561c8ee07bff00733bd6b60bc6a88950c802d6a3fa6b5030d01fd4aeebddbdd5dc783ca04dbc4d96270290db9ca07dad7b57f845ae0ed3d42f862e0ea7ed9e4f6bfd0afd35bbbef2ea167bb7bd285e250f99de5651586a12a077bfd835380e5bfa77c1f707ea0fbc5bb75d7597ff00b8da793ddb9cde6645dc5acb4f8b19851e38a9aea7faa5dfbb7f6ae32fe9bfb6d138f4f1d17fdcee4f37f6f42662a2c3eab5e65be718a8e79d97b1733bb38ee15f1993b7711585058791113ea766ead39b1ea7e0300355ec76f3393dc395ff00934a029c5e119d9cce52ff00a696308fc9ae77d9e30147d58052b1c7e0d3e9b731cb2235b7a3a85505a65b4919f41891573edef77ddda7b5d3c13dbaebc56cc6bb12d44f23b17452ae0911bb3cf188b8ddbb6f79ff0076e0717b82a3529c9af7a890ce90c46d31937997122d5a55cb60acda963e6000199f11e384578f26fb010000430c8e44c7cce58444792fcaa48db6ed1b836d2b9ed8fa67439e033eb516e417d27d19ba667f10eb80f5bea8707d5dc4fd4d3072300608cd8d6ec6240f502885eb18051b9aeade9bee5fe6244803e78aa11e6b399575234cfc3f7e0852ee4c80aea08f8f8e012b6f5cc913f2ea30149dd29e3770e25fc2bc7e55cb04f55233571f1539e28e4dcbe35bc3e45bc3e408b2a62ade063423e075c502532369c075efd3af7dff007550ecfddecfcdac7e55ec751a06627a746f0fabc716a6b74ee5dc3d20c80c3687146bb75cd6b6e63880580c1c510388297dc7d993bc70f6a81fdd532d43693e284f81c15cdfb850dc7e415324300ca5843107c4788391c41b47b2fba5b6ba7671e7e65659fb5293feaef837f00cf4b80dd5f85807f31c05d53c6e37086fe110dc2e5bfafc730442b003d333e1e1f661a1dabd029054f941020c67139c78e320a114856dd076981d4498631d3006048657044020907a0ce32cf4c1475acb282e3e901a44163b81d48fc580c252e2c6daccafe59113394f5f88c058546dad890d3b597ca44c9f111e1388335ef809e9abaee76227c415020e9d31458579051e8b56ccc7e459e401d646d3807f87e85d48b12c22d0ae89bd63262b96e5f9620b7f48ad6b77a9b977790686581cc6b88549adb7d1b5422bab12c2b3b726249dc36c411382bd472aca3914354d169f39a5b2423c091a100e115b571f9d48fcfb5813b6090b23482587db91c7368f71871ac5565708ab9951e20c85f8c69854394faed0beb308c8ae5124c9c03c8f69366efa8ee3f483f510750712ac11db7a29d8bb8e4a06e981e233c375202dc70242a3c8104c888fba4e1552ad2a9dff0099a4ee04820441893d3e18a8c5b5dfb4017d8082056ceb9478cc1cf1031c6f50a89b010a08dc466587d4741a62f23e7fb28655124f52c09cf2d0fc71deb992b15d816c8c9c81ff001c519453b20c336815b233f3c119505c82fb55a768ff008f0f8e286d4109e701940272d41f158c450ddd6c02c52771f28190248f1033e9d30401f8ee0ee6f2ed13bbe6700ba97572a08cf4d70542f5b1d19508009d823ac67d7102f7d0bb82920981e5273918046caf8f4ab2b82ad9c059241f102700a22abee6b6cda930240cf00af2692a224381a95eb3d3e7851597a15962ac246539fcb49c07b4415cc851a6228656641fdb8202f54e407fc1c14bbd5070016ae24f86280580830700bdb5e440ea0fdf806f8fdfafe2d15f191196941b4819120fd59f89c11b47b19c5bcd6efbcff385602a439a82800451fd28a06280fea0737bafbb7b8f0b9c8deb54e8e9c1e3ee25c52ae47aecbf845ac1883d409d301d37db5cde1fe86fe9cdddf7915d76fbafbdf9381c7613b7290d675da80ee61f21a9c0732fd37edbdebdf3ef05ed765ef62f70b4dfdd396c658296df659f176272f8e2a3abfeabfb838bdb3fff009b7b6d1389c5e3d6a3b9db5c1f46851b96a2c35669dcd9f503ae2a341f6e7b779ddf791fdd71f8ccbc3e223fa3bbe8aeaaf37b5db499d4f56f96013a9fb359cdbbb97297fba4ab757c1e2ba935727943fd216fff0066b9dede392f5c02f6bf1bb650b41e5585856d65e8e000264b1d2736d00c48a7fb07b93bb76bedb4f16ae0577d2a5daa67b5d582dadbf6b050465bb19dc56edda3b9b773ed7c6ee2a151b949bdaa92c8b0c51964c6e8db88ab2ad9b60dbf98f9fe5cc65333bb1012dbdacb06f232390fe6f818cb00a0b3cc4810b3f48d0889380654835892a74ebe6ff88c5116b6cad81462ca748ce40f89c10958f77a9e792ac7cc7a659e0036d9bac2cc836ebf39f0c149df751b8b410a4440c1095f6a062a411d35cce02b6f358531d72c8e28d47dd1dbd2ea87369ff5a91160992c9e3ff4feec06a7f1eb8a0fc6e45bc6b9391436cb2b2191be23c4751e2301d47b0fb853bbf1aa5b1bf33e8404c90ea24d449f051b90f55f8a9c5c45be28c1c4112714409c4027380d53dcfedf5e62dbdce9b36355592f5448671e699fc3b803f68f8e26ab47aec7a9d6da98a5884323a9860c0c8208d08c0763f6e712cf7cf1aae57042ff0071cd76af9d568b4774552fba07d3573554d8bd0582c1e18212ae9baa47aaeaf6b51b858a722190ed653f238cb46bd2aecb2c390dc2729023219600ad502550c98600f849074d3005a140d1b50a6331f833c037c667f5148870cc2546a0620668549fccac4920a93a119679462865538f13b8a82abe51f2249ea7c31039c5e2bd85fd3b35328ffca59540d3e71850c71ebf452a423d4748dc4013fd40a1cfc0e58061374eddaeb62a17da490a769027c30531c761631a54ed0ec7687893b46b2bd467d34c10d2a8b94fa94a5acb08189d8617eacb2040c65a5d70d791528a148046d08c081b81305483944298c656acf8c4baa3bf19137f98ba4795a4c499f8ea30d0ed56a2a00a1ea41047d44cb7813a8c44354d83740b14b80db588cb326321d73c48b837278efc87a9c37ff8f607001892275d0f5c5a1b52ca589a889952dd72d319d02bacdec1a9b1aa303788cc926328048f9e0a1d8f72d72033a9582aaf2a4e5988ce75c3938138dc8dca435db9c81d7740d00cf16a470fb6d4151a418290141ca474cba9c7a771cc8d9592b0cf1b729f89d73398f860146ad834571968a4ebf6e19a1b5458868c841cbf61fb70a3d75c88bb374aa81944111fc3102e91ea4ab43661830232fe6d701eb3d4abc959dd3a2b1dd9f8c8c001f78f33282349ea272fdb805d682cc5cab28190cf23d3c7019288ab2d5cc12646a478ce012bab0f612401942f809c0217d64a958f96527e78055ea708189d3a69180afbd1c100b1da7f64f8e0142aeac7666266624fdb8a07f9c0caf5e8341f21841e06c1d67a41c4106b41d468328390fbf08a196ace67edcb1005c2318569f84ff8e00765234d7fe78052ea7cac06a4103141e8ef1c9e2d29c715b2d08219464483f567f1c22369f63b6fe5bf7be679fcdb557f08da004459fc28a07eec502f7cdfdd3ddbcee0f36b6f516d0f5f0389be6c142bc7aecba2adafb883d409d301d07db7c8e2fe897b16ff0071dea96fbabbc034f6ae3b41f4e47fad62eb0079a3c207e23883987b228eedee9f752f05edb2f7ee576fe7de497b18bbee7713f558c4e53d71ac4760fd4eef7c7eccbfff00adbdb6c942d75a1eefc8affec54aa1850586a4a9dcfe24c75c5468bedbec1caef9cf47e3d3e9f1b8e8e38e1fe9aaaafcd6dd61fda4f898c02755dda0f73bbb9f2abfeeabe396af8143acd7c9e58ff456dffed27fa8fe3017f160b40e5df4769e3271bfb8b7d5746b2f5600000c9b180032dcc74189033d8bbd77fe076bab8bc5e371eca3735951b031751636fd84ab46538cc56fbedce6b777ed7c5ee36c27ac8c2d44dc577a31521353d3ae33aab21c787223d4022403ff00a6288bd2db26428fa96544fde31043900282de5c8798280733f11a8c047659e99dcbb424a8ccce43eec001b33e52190831f675118a16e4300bbb70db11ba7ae02bad4041665603a8cbf81c1095ca08eb07aff0cf008dd025664f8e580aae5564cc7866235f8628d2bba705b85c8303f29e4a7c3c57ecc509a98380b1ed7dc1b81c8dedb8d0f02e5430d00ee5743d2c461b94ff0002701d4fb773873a8dec54dc817d429923ab89aeeac7f258338e8657a62a19270102700363808047b5c256a598e4146a701ba766fd3eaf97dbf90bde9da91cca1e950bf526f1e5b3e6ad0701f39f76ed7cbecbdcf95da79cbb393c3b5a9b47c50c48f81d4622b66fd2ff00787ffa7fba28e47299bfdab9b1c6ee680ffda66056d1fd55380e0fd9d701d97dfbd9c717bd9e756a2ea39ca773d7906b7cac6d51d45b590df7e268d650f1c314643bc7a8848cb31f88e019ab8953afa8b66d605830260caa00a40f8ef389049388dea15dc1a041703a85ff000c04b8fc4b830f28601844920c968ce7a601ca68b991655806307a810d3f7e22a7e83d65d82abb282021112b1b8c687298c50c546d2c1ab5d402594820b1287298d36f4c430c50d497b582b7a924d644e64f94c9cfae01e667dd6aa10c4922c5ca5739113074e989a18158262f4286332556333b6447550b9fc30ab0c7178e425ae8c1f6ec75a4975065bcdae5b7a601de38dc165c8da425994cc89dc07f2e1117fc6a7652b0fba096fa0293b9a7f9bace26a99a56d9571729ac01b5581c98122c33f6e5f7e210cecbfea615b8689f00c3cadfb70a0950b2b65f5297adb25654690331a6ec675aa3d6ecabe4e53a862643286831a65186a515db90aea43d6c5a3cc370624f41208d305407abea05152c16c82306209519f4cc7860315d4290f75557a36db1be067942488eb969d70c1c2c9535ed09b4479a73d74cfa63d0e605ce9124edcbc9e0232cbe78082a23085cf77f36798cf28ebf1c0159c042646fcf233263c5b499f1c10add5f1c0f324344b4e47e139c7dd88a102c32ad0102649ce0fcf5c00ca3b47a2086ce17f0cf5cf011516fa6cc7ce2600060824e6447d580832dcdb2b20a2104a90728fc4674c047632b1b292429e84cb67d4c786208bd4360c818ce48c8e79e5f3c0296a1619c82756fd9962852c0ab91811981d71024e93302013249ebe0314276d48a41200cf5eb3f1c02a524889f9c6b8085956d00e5273f8e78001a5589f020e44e023fdb003a8e87c30106e286c9ba89c02ed415d3ede9800ba383969f1cf00b5a095752068403f3c202d3ddb97c6a578e14ad0820a0312a7eacfe380da7d94c1f94fde79437348017451b44256be0aa23f76288fbc9fb9fbbf99c1e652e2c6b8bd3dbf87ba6cfedd1b6ff0070c3e955b1f7449cf6ce9860ddfdbaddbff46fda57fba7922bbfdd1ce0dc7ec94367b19961f94ebe0a34f87f9b01cc7db56778efbee221ecb7957f70b77f36d625dddec792dfd4ecc72f8e2a3af7ea0f353db9c74fd3cec9b29e6dd4d6fdfaeaccfa34c6f4e3171fd277d9fcd3f1c5469dedfec77f77e754d4d7b78f4864e287c95557cd6df67ffd4c7c72e98052be4f69ff007db3ba726a3cbe2f098af02b61e4e572c0ff00c74b3ffb41bcef1f8447e2c00f9979ed7c65a5b92e6eb83bf209803325adb001a6e62600c454bb3f7df73764ed21b86d4270a5ac15db57a8c05ad210b065d49197c719dc5754315cb3833037f5d35f8eb8cab1fdc87ad8132066ce3224931981d700b79abb7cd2a8c46673027afc3144e459e59639f9bedff1c02d72c8f28241c998e440f90cb00bdaa154a88cf49cf3ff002e02bb91b40da91f76084ec2db667a7d2328c023c82ce76c03f1380acbd4491009c514ddc38f57211aa71ae60f507c701ab5b5bd4ed5b886538a32a701b4fb4fbb5955f5f07eab416fecd498f53799b7899fff00246eafc2c1fd4701bed775575497d2dbeab14356da483f0e87c474c54618e025c6e2f239b72d1c642f631800603a5fb6fda1c7ed15af2f9c059cb2242ea1701b12556f30b6c85a9479ed63b5147893851f3efebaf07b6dbdef8fdefb4b1b12c41c4e6d8576efba9109601af9932cff0097115cab01dd3db9ef2e57b8bd83c4ed5cbb77d9db5852da6f3e8f9a83bb5fa4c6208d6b5bd6558c9046d9c8f98e798d74c40c56967ac925454db9b61cb6c28199d3323006a2cb12c62c0aeed58f8819e28b1e358a5c830c26483f1cb1059715a8434071b02b0311d08ebf3c01eb15bd524fd35999cced523f69c038bdb693cbde36802cac8006d9932a723d33cf1158abb7d483253ea310614c90a5c6a7e79e1a0d5f04dc8c860ba797f3175c86ae0cc98cb122d48f6d40d5edfa8a9b24b32c9cc9e863e9c0a39edf78acd692ecc7ca480c574332208c4d13a38d7ed557ae09facab18209206dd44c9c2a9ee10bf82eaaaaea92370687de2411b090bb75918950f71f941c0ac1292583793681f2db390d1b114ed3ca3277b064701b692002a436808c354e55c8788ac8f5012370f38cbcb39118981bf5c239675855da3499e9e04e87152305e96dbb8842a011d081a9f2ce26eae240565413a803cc340446798cf4c11eb5a8156e373019b6e53aec963a69f66241c06db16aa4863b4667e398c7a75ccb2c5d5f9a60fd3034f9e2c0cd5590a4b95d91e561949f8e25136a3d4ac12db1e200e9fb7a62282d414f238dac079e33072ce09c2885948b11f6cc02155972852748c014f115686246d6592a5654c7458d06204ada18b10e636c6e70b39e9f50ccfd9808a2ed60182833a15cb2f0c061ad3b886244eb023ca34f9e78013b283e605898827154bdaaee098da6447c73c4423642895cf71823affc0c02f653605cc01b89cbae78a17b2a51991263e7ff00a6016755d346981d3edc008a6efa86404600094fe631e912234d70196a94ca9d358f0f9e007e91191060899c006caf391a0ca3c300938ce75538a036d462633eb804eea44110660e0275773e671e95e3aaeda5441553060fd598f1c48368f673eee4bf75be0b0217c142a884a93fa54628cfbb7fbef775fc2e5f1d95edbed7e3f6ee16e9b1a8430dc83f8551ac9513ac1e8301b6f60af85fa4bedebfdd5cb15dddf998d1d96871b94f20821b92ea7f05609dbf7f5180e6fd8f91ddfbe7b89f9175d672391ceb1ace7dee4b16f51b73bb46ac5b41e38b89aeb9ef5b93dafdba8f6476d85ef9dc2947ef44111c5e39f3d7c62c34623cf61c06a7d83b0f23baf32b7e3565a8a09af86a47d4dad97b7ef3f60c544bbad3dabb6fbab7f3ea3cca3b6842f47e1bb971bb8dc67fe82f0d67f4e5d7131555759c9e5f70e176b2e6fb2de6d76f2c8102cbdedf52d80320a3cdf2fb313475df5ea6b1aef3a825a3307ac803ae30d07652971de17d17663e61024f4c860176f5d09da549d0923593a119ce00365e0eddd43699b567303c1862882722835ed96462214b2903002bb71c9596c58820448fbf0425754e0950848ea078e0a4aea4a9f32b67a98d27a75c109db0091f669ff2c027622b027709eb20602af9141ccac00341138a297ba76df5ab2f52c5c9f4803ea1fcbfe180d7806dd1d474c5050c5482095606411910478603a4fb7fbb7fb970bfba3f5b38af9aa3f0729e4adb9689ca009f8581bf98628d8bb676be6778e4af1b8885893e66e80789c54755f6ff00b6b87d8a950a05bcb612f644ff00edc05e7f6aab5b72f9ecb4f1d218ef3123e5d719dd5689eebf793f291f81c06f4b84b2095c8d9b4ea4f45c41c87de5ccaf97daf91c7632415b14ff00521ff027160e75b060364f677717e15dcae3cc576d61a3a6e5d0e03a570697bb8745e20adaa5d09e90276ce789a1e4a42ee982aa19770833e69c4530a7f37405805f2ae4498cc41ea067821aa4d502cb7256006e194b0d72c03bc65d88aeb679c36730df67ecc032039a52e508556bfcc19cc6edb802d0797108819c810449cea6f2003e339e02c2b66460020dccceae4e69a2955f91c4044e60bd1d8c22b1804c99032db9692460a69b96a8b6352400676ee99599d23e04601b7e429b03587cb210122201214bf865b7ae2683516d320309a44badb51f36d26275ebf1c4d58b8a4582a016c023224ae437799041d32180cbd150551756a2c3002a0db1bfea3a988071209d54d3654cd5c1da0ee9fe6cc1831f1c48b461daf8f6aef5940441d0c1db31b7ac1c48510f039095bb717906b12003d468663a98c5f27a14f179ea400deb01d5f6993f1ca7ec9c6795b85639b5d8f57a0be9b40256560e7272f1818b74e1e5bcab5b532b02a403a4ac6854301af86148e0373272ae00dd9264576ea3c63a1fdf8f4b919a8299da0c9c9549e9d481e18069542aedc831fddf1c3445c1d990100f9a7fa75c655865b637a96652771524011f1270185f450b10e1b32c40cbedd75c046f74280ee6599dca73cc699f8e200bb2b9848668961a47c6671444d2e03315ccf9810671201b525f3cf2cb3130d033fb71442da890c0862721901200c044d1bc00137a83996cc08119e9ae2052ee3b1683000d4a1ca3e431428fc70018cd573191d3e3a6015e451e5956d6331e18046da3692c734d4f4c02b7191acb1fc23a78e202d552000b8cce63c3057aca801398f2923c4818200ea40893d33fb314276210d1d34248cf00bbd79cc46bae5ae00252413119e000f41cc9d300b5dc725488d46bf3c046be7f3b8dc71c75016950430539c1fab3f138a364f6959bb967b9dc61942282325445109557e000c01bddafcaf768e273687497bdb89daf89b8fa96a2ff00ad781f4ad7be1771d4e9a1c06cfd8b83c3fd2ced1c9f72f7215dfdd28213b5d0735b79cc3cb630ff00e3a351e273f0c3473aecfc9eeddf7dc7672791c87bb95cd67b79dc9b1899563bac77f1f962e1afa2efe0d7fa75ec95ef3754a3bc73d578ddab80e61b75be65571d3681eada7a011888e2969b2ce41e55961b8ab3badcdadb7d866de49fb725f0118d07bdbb42f16f6ee24ffe4415a46bb54fd4c67ab7eec6355b5d3dd2f5656b76d884e642ed706264c7cf08a7ebe7cafa9b72221b637ed13e18901979d4a116581a41c98ae51accace1045f97c5b5043286324ee90241ce646b883ced4b1cb3dc672cf5f1c501b6ba4b4ed03399f960852c450ec57709fdb8295b52c3010c8264fc7008d8b6ef90720620e0176aec3980a4e72187c304236517f9a1501124813a1c515f771ee965200c06bdddfb5b82dcca44c676a81d07e3ff001c5091a7fb9e29e5523cf5e5728f0f11806bdb9de8764ee2bc9bab37f06e534770e30306de3b91b829e8ea40743d18038ba3eb6f69f68e12769e25fd988e451cba92e4e6a8ff00591b471e07c57a1cb0a8bee77f65d938b67279ed2a0a9f458804bc671d7e58cd572bf75fbbaeeeb6923f2b8ca7f2ea06441f1c0739ef3ded6a5662d007c7173056707b1dbde91f95dd4bd5c575229a14edb5c9121da7e951d075c3457771f61f73a199fb5b0e752345cabb9738f321307fe9380f764f687b81f98a791c6b3834b795f916ac10a667624cb1c8c603a57169aa8a129a9585552225455b423ca37789806719d0e22913246448cc09958d3edc14f2d4ebb436d3bb74b1d64051993a7d58092f1c337a79ab8452081a480341f318218e2a27a806e04ac9d4482012011e2700f0e3b28b0058dca37468015dd11f0c413e2d16d416d077323952aa7ccdb818953d2300cf0ecb591ac1b4a33866cb5f2aaa44643c3005aacd957a642da2c258e99b6646ef98eb82991cf6add902a949ddb3204e93b73d011802716de7bed4b9d6e5772dbcc2ed03cc323fd5840ef06fe3bad89b7d350c5895f21da4ee586321869f2c4dc169513e8d64be6a480ed04cb02672f8e245655ed6015ee9004aa0203c9cb3ff00a7f7e14394725181ad98b5a3c8c189dd9104811a4c75cb150c7a9c69f2d877183e61e588cff74620729aed50ecbc816a66cbe5cc75197c3085178f5d912c46d325609eba9f1c22d4af76428d3b993323ff00a741ae2ea317588eac1c94661d2745824ce7189b83e72b783e63943024783183a965c75cec9045e272121c9df19990090075f2e7fb317d62215f26cad854d512771965f0f806c3e8605b55fb8e79e70ca41899c2093b2150e030de73292488d32c40937ac59d8a9277691f88e18a282c294100f988312209e80624034a86c55db249dae00074ea06b802794a6e1ba09cf23f2e9d701192c158b667e9fe91e19e006bb890189d7280201d33cf018b8466d2b964409d3c7a678409402773162c341d58f84e001602f2c1ec0a34cbf760156569fc664672ba8d5b4c02a6b1b0ee5f2750083ae9fe1801a76eaed62ca000d072c8e02438f589dac73fe51a46201bd1ac34c098cba7c7142ed43ba00408ccc663009bd16ae594e99ccc0c02ed5b03b580f8c759c001936ebf61c00d93edf860016559ee530753805391579483e69040f9e28827379dc4e38e3a855a941900c133a99f1c05ff00b5dc5dc91cfb4c3204542325aeb4fa6bafc300d7ba5f95eeca53969620f4f93fd9f6be3124dbc87d791622e8114ed059ba981d701bc7e9f7b1b8fedbe58e4f777acbd016eb58ff00a6d68f300c7ff8a9fa8f89c346a5ef6f7e772fd40f79d76f15d9bb576e57a380a640f449fcebdffaae39fdc30c340b1d41548ccc42f82e1ba1ae3b302b66ab3a699786580bae37215b513e3d0cc62070b6d2a6bf2931a7507c7a601ea6d055770cc8d7a4ff00cf01eb02825a36b46519a923a918a1546acb10502e5e5232c079ced830c87510c4e7f1c483caf6d9bbf34c0394aebf7c678822e790336591a6e920ff001c20058db46609ca2726fb3a1c02b65ab9b3644833208827ae630803e52654833310c0991f0f8e0016d2a7320a822248f0c024fc64663981232eb8a35be6f05bb2f2873f8cb3c3b32e4543f0026321e1e1f762e0a8ee1c41c6bb7559f1edf3544699e7b701dabf41ff0052dbb3f6fe6fb5bb84dc9406e576b93f406ff5907c261b0d169ee4f73f27baded7f25f598519018839f779efab582aac4b13b4019924e8001ace3481f6dec165cc39ddda7d79fc9e2e456a8d1acf179e9a0c4dd56c8b5deaacae16c495c8e4df1fda3103486959ae76390210e53241689998c0375f198f9b3820660c18931f762062bafd4500ed6258e5a67b774e5f0c14634ab55621c8032a7eac8ed99619e01aa1006359c810c19672cc820e00895cb483a0f29391008cb3eb807bd165b6bb496fa55c0c883b89dd248f86980381914d9e9ee0c03011f5ceef8663101684290aa373676824c1e83323c30111bc3574d6486a89dc227740107ecd0600e0bdc81bcbe9c8f32e4772a889568938519a83a59bb605503cf96797865a4e01fa2f4a0588f92aa9dce1a7681e661a7c0c6268cc4b8f2ac3b92853424a981f2f3099c50cd36b2d758662ec42af834c479b58d632c48a9a7208be5c3584cbd85c00108fa80d3c71343f5de9bcec40039d0cb092660e797fc74c016d7a40ae966f4c395cce5b81132674020e98c8b152ef51f4d94d8c0952f2a09fe6cb3cf05309c8b445690cc81b333b58e4dd46348951cc715f98485fa80cc859cbedf86016fefae4295dbbe6372c8d64c32b781030a38b90c08ac0ddbc6e8191cb4cf5d73c6904503d592a81b680329397d506700cb66a0482ba1040311ac4e78204d470880f1e90ce1d7a8eb234c5cd2173c34158616a92c7cbbfcb03f7e2fa2167a396ed09e7904aaac34498ff00d317d00db4bda555200402483e6f8cce87044105a8eec099af32044e7e1e270c0cd6a0b31b2164ced33000eb9698450ec10a0086dcd9441fd871000a28f284f3c020c193e263fc70442e159a8d6a0f9b29ccee8eb9e98a156af6a84276b440422774fcf1354adb3ba51d7c449888d4eb3800b6419cbc3839c988046bd75c0405326377525584190701244b01de864e7ba411267e18011369dde6cba0830003191c0402b990ca1c9cc8107f7fc300235279a06c91ae607ddd700bbd52c55c02c14687223052b6f1dc92002607dff2c109594b06cc42cc41e9808595151e5e9e1f3c14b9ae74e982167ae5c861a643e58a176a8146f883f760035723b870f8de8d61056a0c907333a9f9e02f7daeeb7f21797642b568b5d3e1554a7254f893993d4e0367f75f77e573bb072b8fc5e4a52f73d74302c7d4bf7799e9ac0e8a83758c720206ad80d5bb7271bb4710d758f5790f06d2b12cdd009fc2b802d37f9cb5aafb8c31254c7ec9c03f4df46536a93a813006780b0e3f29322924f8888c416b597b7364640ba03f0f8e287912eda3779623399881f760276722bad002c37c64675c02db2d662fe9962730069f6cc62a3c4881bc9047523c31354453500083ac139c9d71061a246c9001cc13fbb002b0032cb96426750314276564312c082634cc4e08afb6b3630ae36807ccd1999138a04eac95964253a08623ef184562b5e41542ce5998900647e38cd00e49b36c322b8321d597288ebf3c057d7dbb8b770b91daae2b554df9dc3b98c9a9c4f90939edf0f818f0c51acf6de5f27b3f74ab92b29771ec21d74907caea7e046036fee9df9ae2b5f1c16b2d8d958d493d315346ed3da9a971ccbd85dcc3f4b0cd2a07a57f1f16fbb13755b252a0e6401260f899ff00981881f4ab700465304c4e4333881afec56e11689f2f96234ce232cb00d51c06ab6371ed652c37221018483b77107e1f1c282ff6f66d5f5aa463249753121400700515f1f7a80597221c11bba8139e920e0a7d6877ac404645c88cc12a1b691d701328527721558da863702ba2e9e1e3880884559bb880b0720441ddf1f8e01d540fe91471583e915688194b107f6601c142d87ca1c32d8410331123203c6060217d7590e49dc2458aebf503ba21bc588cb01ea4adec12c48524ecdcdb1609869d72eb270d056e242d8837595911b0313b7f167d065e18603a7179059cd6204ee0a464d000da499f8626885d729f59541f4eb71b60900794753d3e78a27c5ae48ad6b680a5517ac2c91fb5b5c480a2fb6a752d0a1215990499132235d4e0a755949534155900161909fa4647a03af86221a5acd83d172cc5000448923fa89f86235474aad7400ec30bf5c436d0018dcdff0007103963d95965f44b2858990daeb1270f8a10bfd3366c3e9ec27d491f483060c0cc88c5cd48c59c9a9a80320818640905900823a9030fa4720b7915a3e637158258f4f87cf1d319495d5e00060e6cd91c8749f9e01a37931b4063067a1cb5fdf8833e922d6136ed31a3419132700abd4adb9d5204851b8c40f87db8089e31a46da7ca4a9f2e79c68df6600504a5b75caa2a5520cf94b48cb4f139e285b8de833d56d8b0ca7742f883969f7e174376f10da9f92333009cbc64cce1e8846de3b9b3a012654ea23a818b9d92088962a6d751b490599848cb0a408522cdec62241351244781d35c542d725bb47a659d0490448d834d7e18059d08b7d370a08828088c8e72089c4187a6adfbc8018c12180327c44c4e0a1ad14b36660e6089207d9139603cd4280af3b74119ed39fc474c041f86a642b0046860667ec8d70027a5954479a4811a13d329c02f76c15891ba3433983f09fdd804dd41201c9a2508ca4693f3c048d5baa3e5058642255be788107e32bf9d1a21a086cb3f91c50b5b5428048244e9fb30007a841904446d3f0c0256ac36796efdb8a02d59db969a118019af72853d412df6e5800f1c772e1d1e95212049d7327eec04cb773e558b63afa61576a6f3f429326146a58e64f5c03f45040cb38d58f5c03b4a7400923c32d700dad2a5c4b493191cc46a300e57c1ade65034910c532cb23807a9edc65551409e9b984f8e8700d57dad2d0031f344152cfd07cf0a02fc0606511914381591991a49324e53f0c10e0af9960c9d1401072204fdf8a26389cddb26d520ff0048cb38f1eb883c9c2e6bb16f5163f9764e9f6e1445b8dce5dc56c46999054ac1f9e1404ff7e47d356620667c3e07a61406cb6fcd6119b6fd0a2c913e39658a1575bda196a49ccc8b065d73cb140393eb6d8344ab64195c113a1d40c4cd05a095aab2641020a9008f9e31aa0f2a0bed1b0902244acfcce2a8165437379729922411822a3baf60ab9cc2f47345e0439dbb95c2e84c1d4031803713b6d7c508039b2e658b6d394fc00e80602d69e390576e84850d98cbfe9c059718f242fd6493b4c4c80353323c300f8e5ddc74f51d16d02c01f55ccf495f9786182cb8ddc804566adc0dac1cab06020eb060e53841694f3b8f6d48d2208766dea4493a09598f0c481c5b29b6c0aae1841ea0e4c32fb32c2298feda9b3e9046e076c83a98313f3c01538caccee8c4afe261d41dc49007cb0044adbd30a2c2b901247c7101cd3c85798adc858cc41d249cf0070d6d305b8aacc655a1b68199dc4488c00d390805d65d5df4b963bca2ce673d44e5030818b7fb36760ace3721f2085cf71104f8c60335fa352002c45900112081fcb07ed96c049390b73b6f66713e4017cbb80daba7849c05852a6a0ccec36e6181dc1805fa40ff008cb1046eb2bb59cab15d9b95dd88677220ee69893b705052ab12dabd22496199248864d4fda234c0a61ddfd296ada148daac4101a3324ea673fd9820bc3ad6e0058a5037d4833008132348cb5c4aab02db98549077cb04530184f9c0dc069a8cf4cb0dd23296a56155c156d84ed82bff00ba0e7ae32a6e9bc5b5adb4bed03702ac01f29119104107c30d1867011965830c958b13982000c3ac4f5c046faf756de646f2a2cc4ab039b13004089c071cb23fb81bff00d59ce34fdbd71d19375ecd877f875fe3b7012ce4eb339cfcf2fd98a0a67cfea4ff006db7a4fd5ffae200d7e94fe18ce359d3007b3d38ae75811e1d35c027cadf07d58db39eed7fc3150b55e97a75fa9b6761f199fc3829fab6c3fa7fe97c274cbc710d2b6fa7ea0dd1a1dd3fcd194fc6319c5e5e6f57657ea7d123e88dd1d6717449bd0dedebc7d46663f64678bca704dffd6b774fa7036edd224ccf4fe38b95355d7c48f4e36ed111f3eb8d00f23d4ffb51103769b27fa7ae08613d3f41774447967eadbd3ffabc71140cf2d7ec98d9f8a6301e7f4e04cecfc1bb48f875c001a23cbe1e59fa75cf5fe18a16e67e29fe9db3e33d7fe78804db2339881ba3c700bd9ea42fa7e2675dbf6cff000c02f6edde7646febe1196bd3002b7d3f49f49fc31f5698049b6e5b7481ba748f8ce012bb66fcf4db96006db60787f08c51178cf77d394c7846026bb6469f0f96008be9c67f4e203aecda3c64e9f4ffeb8a18a3d2ddf9933d7c27ecc0394c6e5f4e34fdbf1c03dc6995ddba7aed8fe180b1a3d283e3036cf867b7edc4160be87a8dbe220ee9d34eb1d70193fd9fa8be9edd175fb270191fdaed598d3f6ff008e03c3d0fe9dbd266267a628127f6db8691d6274fdf86097e5c8ddbb6465b777c63edf1c310bbccb47ab3d2236c40f1cf1407ff3769f466368998d3fc30d00b346f5a2633f0f8c4f5c02b7e8263e1bbc3fa63019abd4d956ddbf4189db3f1c614169de2766be68c5562dfeda0cc75dbf71d30426de949f4e74ca3c7a6288acee313197d5f2f8fc300ef1f6c89fabfa27c32c4163c5f57d1313e94f9b7c6dd3efc146bb77a47e9ddbd776df975e9867d4d3346e848f05dbf2db9eefe38d21de06fcfd3dbe9e531f4e9f1fb75c51634c7a8bba3d3cb77a91a40d27ace31aab1e36ccbd2df3d2376919c465388184feee1b6ee9da36fa9b674f2ec9f36988a738bfdd4fe76c8dbd75fab2f86b81c1faf6ef131f499ddfcd96edbf0988c10c344b7adb623f33c7e3180c37a3eadfeb46fdadbf5d67acfc30561bfb3d957a7ac0f5a74fc51f6c6180d57f651746cf527cbe3b633fd9ae01c7dbe99d91e94fe1db1b73fabe1880567ff8abbbebf36e8fab6c08f86981a85be87a6deaed8cf7c46902263f862984abf57cbe96ef4673dd33d2227388c15636ff0077bdbd5ff4bcbbf49dd969f1c40e53e942ccfab0f3b7ebeb33fd53f4e2682ddb3d44f535dcbf5f875d3e3338ceae316ef84f535fc3e3122376ee93fb3117504dff00df79bd1fecfd1bbfb98dbfea65b267388dd38b9507bfd2f4177cee86f4f769b63fa7a69828bc6feee3f2374fa6d31131e6f4feac311fffd9');
INSERT INTO "Posts" VALUES (24,123456,'חיפוש בינארי ב-JAVA','28.06.2020',42,38,2,'BinarySearch(A[0..N-1], value, low, high) {  
    if (high < low)  
        return -1 // not found  
    mid = low + ((high - low) / 2) 
    if (A[mid] > value)  
        return BinarySearch(A, value, low, mid-1)  
    else if (A[mid] < value)  
        return BinarySearch(A, value, mid+1, high)  
    else
       return mid // found
    }',X'ffd8ffe000104a46494600010100000100010000fffe001f436f6d70726573736564206279206a7065672d7265636f6d7072657373ffdb008400121212121312141616141c1e1b1e1c2926222226293e2c302c302c3e5e3b453b3b453b5e5365524d526553967668687696ad918a91add2bcbcd2fffbffffffff01121212121312141616141c1e1b1e1c2926222226293e2c302c302c3e5e3b453b3b453b5e5365524d526553967668687696ad918a91add2bcbcd2fffbffffffffffc2001108015d026c03012200021101031101ffc4001b00010002030101000000000000000000000005060103040207ffda0008010100000000bc000000000000000000000000000000000000000000000000000000000000000000000000000000000000000000000000000000000000000000000000000000000000000000000001c99ea0000000000000000001cb173c00000000000000000021b5ce8000000000000000001e2956deb00000000000000000079aafab4e400000000000000000355579ae9b31a77640000000000000000392a59b86d8be397eb000000000000000008da948dab455e4e7bd0000000000000000070d3252d7c74fb3cb8000000000000000014de3bceca574db40000000000000000051bbad7afe7f376900000000000000000159e7b762838bbf48014996b00000000000000034d32e5bab95f92b8e4014299b231918c98c800000000001c50768f34de0be7400285336186e0f1db3d1b1d65cf0435962e374f54f71c964000000000706b9388adde7d00285333f5feed75a9fefa6ddbbabb0d7aaf752b9df6bc800000000f1c2eef6d5b60fbbb8d31f172d282853364614fdf67a1ce58ea1eed79c2b51f76000000003556e3ed9d8c98d7b3572efe973d12f1d650a66c7030fe79e5ed553e3bb50acd311303ab574dd800000000e7aff0007af7e98673efa64648c50ad32a50a67b2b175e9a7efb54454ad955be69a45cfbeb71d7600000000079f3ef1919045d5af5eca14d7a82bceba7f7dab550b776dba2ea379db53d576000000000f147b1f7eef58f1cfc9a26b6e2320ad3d02813d2d4fd3d3d7b6d0a847dae535d378f7c972dcc0000000010b0bc5a4f5bfabbe5bba3d2191c14ab849bc6cc32c6463c7acb200000000079cb0ce70c80d34795b46400000000000007353e7bab6fad5cdcb2dd801c9d59000000000000063ce3d57617907aed95b0ec0000000000000007984d3dfdbbb2d5a3cecdfeb211fdbec00000000000002b75a9b98ede8c80c68e6e4c744a79f600000000000003cc7f1f3736a632cb3eb674f6487b8ce59ed8000000000000003472f9d9b32f3e3569e6d2f52d2200000000000000063c68d5af0cecd9bf66400000000000000000000000000000000000000000000000000000000000000000000000000000000000000000000000000000000000000000000000000000000000000000000000000000000000000000000003fffc4001801010101010100000000000000000000000003020104ffda0008010210000000000000000000000000000000000000000e740000000033cd80000000042e00000000390af7400000000e79ed3b740000000127354000000003384bd411dec00000031af37a823ace6b8a618aec00037b899df2ba84749d235d25ab00006ebc3999f7d5e48f1aecf3e88d33600005abde251b450a63bb6691eef400005a6d4c2550000006b53bd988600000000f53219e3190000000775d75dccc00000000000000000000000000000000000000000003ffc400190101000301010000000000000000000000000103040205ffda000801031000000000000000000000000000000000000000128000000000b7bce000000001ea7990000000004fad879a60000000027dbf2f679f5800000003d0754e3000000002ed5ceef0c3d0a33000000068a7dcf0a07a545f760d1934757e0ce00015d7774b689ab8d3e967eb6e2f471533ae9f3c0002ba649eede726df49d7156cb7c6f4f259e7800033d328bafa2f9f5b0eaaf34dd8fd2ae8a00001145ae6c91bf000000038e6ccf4bbd1644800000063744a656760000000e798843ab400000000000000000000000000000000000000000003ffc4004210000201020303060a0806010500000000010203000405113112217110133241519214202233345052608191153042535461727323436282a1b10625448090e1ffda0008010100013f00ff00cf1240d6b77b9b7db5e0931539305cc1e156938b9b78e5ed1bfdcdbe60b6939fe835813e704abd8fee66758cce12db9beb90d606a4412b76bfb98ccaaa598e400cc9abdb9377705869a20ab383c1ede28fac0dfc7dcb240049dc0562588f3e4c511fe18d4fb5584591964e7dc7909a7e6687b9524891a33bb0551a9abfc4dee738e3cd62ff00756566f772ec8cc20e935451a448a8832503203933a79e242159c063a2ea681cf2f71aeaee1b54da90f01d66aeef66bb6cdce4a345ab3b296edf76e41d26a8208ede30918c80acf2abac56da0cc2f96fd82a37c4b10fb5ccc356f670db8f2177f5b1de4fb8d7d7f1da2e5d290e8b534d24ee64918926ac30c7b9c9e4cd62ff002d51c69120445014682ae6ee1b54da90f003535737f7376db0330a4ee45ab1c2553292e002dd495901ee29abebb5b484b6ac7a22a491e576776cd8ea6b0cb0f086e764f360f7a80000034157b769691173bdb455a96596e252ee4b31ac370e5b65123ef948eefb918acc65bb71d49e48a82133cd1c435635146b146a883255190acab10b937172e73f254955ac1a012dc973a463dc8357ca56f2e07f59358228374edeca724a488a423a94f26072859e44f6d7dc8358ddb64e970ba1dcd5834812ef67db423908cc115346629648ceaac4547234522c887265398ab5b84b985654f88ec3f566ae2e6e05c4c04f200246d1ab0596590cfb723364175343d726a689668da371e4b0a9a29ac6e476a9cd4f6d5bcc93c292ae8c39319b4d2e5383f261b786da700f9b7dcdf566aebd267fdc6ac075b8e0b43933f133acfc4cfc4cfd597b669771153b98744d584f2595c1b69f72b1e4640ea558020ea2b10b33693643a0dbd792d8b341093a945cfeaeebd267fdc6ac075b8e0b4cea88598e400cc9a9b1b8177448cf4f8ddd1e8a22d0c66f7b53e556f8d82409e3cbfa852baba8652082371ac46f65b3e6cac6ac1a931b90ba8685402681e4bfba36908902862580afa726fb84a424a8246472df53e316b112a80b9a7c72e0f42245afa66fbb53bb50e38e0e534438ad453c73c61e26041a6bb9d760731b5b4adbc6808343d537d651dda647738e8b5584d2646de7dd2c7fe47263480d996eb5715696ed733a4634eb3d828000003eaeebd267fdc6ac075b8e0b4e81d194f5822a2c0cff00366f82d2e0d64350e7e352e0b6c54f36cc8d52c6f148f1bee65391ac127244b093d1deb58a43ced9c9da9e50e4c3e6e7ad227ebcb23c47263afba08f89ab48f9db9813b5c723e0a649e46328542c48029305b3037edb7c69f06b323c9db53c6aeed5ed2631b7107b4560d398ee79afb320f5333aa8cd8803b4d4b8a58c7b8cc18f62efa8ef249bcd5a4a476b64a2936c8f2940e073e568959d1cf49743c98a97b868ed2119b1219aacace3b48f646f63d26f1256902ff0d0331ed390a963c5dba33c0bf9014f8862968f94eaa6acb1382efc9e849ec9f16ebd267fdc6ac075b8e0b428f2e2e00be7fd2b581fa549fb74c030208dc4106a68cc53491fb2c45605379e84fea1c98c49b77847b0a0560b16ddcb3f5227fba1e263be72df81ac3bd3adff00550f51cd347046649180515738ebb66204c87b46a059710b9549a7356f636b6c073718cfda3bcf2e7ca77d24491e7b23793993d66b4a6b8853a52a0e269f13b14d6e17e1bea1b8e7866b1b85ed61972dc5bc7711346e33069d5ede665cf278df5e156571e136d14bd646fe23c4baf499ff0071ab01d6e382d695798c8425200188d58d3dfdecc7cf3f05a11df368939f9d3ac8ad9481837f56b581fa549fb75956350ec5d09068eb56137317713751391f8d139024e953c8659a593da626b058762d4c9d6edc97b8aa5b128803c9fe054b895eca7ce95fc9682df3ef0273f3a9639932e755c766d561de9d6ffaa87a8ee6de2b988c720cc54d804837c3283f9353e157e9fc9cf81a0d8bc3b873ff00eebe92c55752df14afa6311ec1dcafa6afff00a3bb4716c48fff001286238ab69b5f08e84f8d49a73ddda106372ef266f8b654307c464f39301c5c9a4c006b24e7e02a0c2ece021963cd875b1ce87897ce1ef2e1869b66b0642b631e7d649e53575e933fee35603adc705ac627315b04539190e550c6669638c6acc05416b0dba858d00fcf9317f4e7fd0b581fa549fb7c98cc3ce5aedf5c673e4b9bbffa5097ae4402954bb2a81bc900541188628e31f6540abe9cc16b2c835cb21473275cc935656315b46be482e46f6e4c7ba76fc1ab0ef4eb7fd543d4c48033348eae335208e4c8760fabc4ef85ac240f38e325ab3b47bc9820e8eaed488b1a2a28c828c8729abaf499ff0071ab00d6e782d63c0ecdbb7e66ade5e6678a4f6581a8e44910321041a9ee21810b48e16af6e05cdc3ca1480401581fa549fb7c92c6258dd0e8ca4532946643aa9c8d3dc33dbc501d1093f3ac220e76e839d2319f2630a5ac9c8ea60792d6e12e21475234de2a491235da760a0759ac4ef23ba9539b07653aeb0ef4eb7fd543d4ae76549ec15777f3ddb1da6213a9055ae2b64d1a02e232068685ddab693c67fb850910e8ebf3a04768a2ca35228cd128cda441c4d3e21649adc253e3562ba333701431e84b806170bdb51cb1ca81d1c329eb1cb7d89c5680a821a5f66a0b0bcc425334c4aa9d58d5b5b456d188e25c87886a66da9a56ed76ac09775c37e6b5776cb750b46df03d86a7b49edd88910f11a1a59244e848cbc0915059dddd36e4623da6abec37c1a2876033b1276cd60b1c8974e5918791d6390d6296ceb78ec88c4380db8573137dd3f74d6176fcc5b2e63277f28f24b1acb1b230cd58646aeb0f9ed98f92593a9852bb21f258a9fc8e5490dd5d300aaeff0099a9b0a3059b39cda5cc69587c52adec04c6e006ec3434f52e55778341392f19e6daa5c1efa3d103f034f69749d3b77eed1565d548a0ce342c2bca3ae6684523691b1e0a4d2d85e3e96d27cb2a4c1af9b5555e26a2c03ae59fe0a2ad70fb7b5df1ede7f99a272152adecf9aa910276eaf56f85da4076b64bbfb4fbeb2f133ac42ed6da063f6d864a3930a80c368b9eafe572100eb5cd47ec2fcab66b2acb972e4cb972ae6a2fbb5f9505034acab2ad3d4e48033240e4201ad85f6456caf60fad9ccab139894170370353cd34d2169492da561d85bc8cb34e324d429ebacbd73773f83dbcb2e59ecae7957d2370d70934876f64e613aaa3c72d180db0e94314b06d27142facc8cc5cc7deaf0db4fc447de14712b05d6e129f1ab15d0bb7014f8fa6632b76caadaf6dae87f0e419fb275faa1676e2669b9b05cfae4baaeac052c88dd1753c0d32860410083a8abac0f796b66fec352d95dc3d385b88de2b4d7c40acdb9549e15161b7b2e90903b5b755be04c0869a7ee54682350a0b1c8759ccfafd9828cc9c855d6370479ac239c3dba2d42314bf01da6e6623d951e1368bbe40656ed73496f045d0891780e4cab2a78627e9c6adc451c3ec9b5b68fe55f46d8fe19296cad174b78fbb4a8aba281c078b9d6757f75e0b06d8236b3192f6d46db4aad96598072f5c9ac75e71cda80799237f25a6332408b1c881d545458cd949ab94e2292eeda4e8cf19f8d020e87ea4b28d48a6bab74e94e83fb853e29629ace0f0df4f8edae891c8e685d62b75e66d844bed3d418680e26b890cd2f69d056951c8b26654e633cbd72ca18644022a4c2ac65d6100f6aeea7c06d8f4259169f0093ec5c0f88a6c0ef0686335f45e249a467e0f42df174d1671c0d07c5d7aee6bc2317f6a7f951bec5fae59fbb46eb193abdc7cab9dc61baee2b9ac65bf11f3a187e2ce77edfc64a1825ebef79107c49a4ff8f8fb73fc96a3c16c9350cfc4d456d043e6e245e02a49628866eeabc4d4f8d5a47d0ce43f9523621896b9c307f9351c69122a20c9546407af64795732b187e07234d8808fce5b4ebfd998a18bd875cb9710450c4ec1b4b94af0fb3fc4c7deaf0db3fc4c5de15e1b67f898fbc2bc3ecbf131f7a8e27603fee128e2f603f9b9f0069b1cb31a090d3e3eba25b9a38b6232ee8ad87749a2b8edc6a5d0772930295ce73cf50617676fbc47b4ded3565ebfca9a347e9229e229ac6d1b5b78fbb5f45d87e1968e0f87fdcff935f43587dd1ef1afa1ac3eecf78d0c1ec3ee4f78d0c2ec3f0eb42c2cd74b68fe54b0c4bd18d0701597fea7bfffc4003311000202010105050605050000000000000102000311211213313271101440415104202223505242536270a14361638191ffda0008010201013f00fd84073f466385313907d19cedb6c89c3e884e23397f856220510b0e0353f43270330b358d8f2814209b4d61c0d04550a303e876f28eb2a185ccb8e804ab93e88cbb4a44ab4054f112d5cae7d256fb275e07deb8e00eb2be41e39975c8e306a23ae1f03debb8095f2098b4ff00684d89c4cc964c8d0cadc924131ce1499516604933e69f410ef135cc53b6a0f824addf9447ad2ad18927d0424790ed0ba968158f006708b601a32291d25f504c32f29ecbb809572086c511df6863044ab9041f0592e3f0812b18411ac511ecca91b329e53d7c1258e9ca677963cc8a66f53f2566f6bfc959be5f2a966fdbc9547fa8d6d8dc58f62a962009ed0c02ad7e9d97701012299481afacb48c633ae655c825c350613b6ca2368a7a4a7193eb2d2029129e07af83a1eb463b63a19b8a5b55b2774fd7fc4eea07179b9a178d92c14fe027300cf9e20b05630835fb8c249393d971e0220f8003375e860a97115764623287188958539ec356b9060a86b9d62aec8c67c18049023fb3d8b8d33d26c3fda66cbfda60a6d3c10c2083820fbab56b93e2d519ce14661455e66d7d04e917da6c5e38307b58f3433bdafd861f6a63c1447b1dcfc47b0024803c7557aa2852b0f76724e4a99b9abcae1371fe459ddcfdeb3bb9fcc59b8038dab37750e36ffc109a4700c7f880bb68898e91976742467c78c79899afd1a7c9f569f27d5a7c9fd666d523fa64f5337a072d6a3aeb1adb1b42da7ed97fffc400381100020102030503090803010000000000010203001104122105133141511440711032333442505272a12022235361628191244370b1ffda0008010301013f00ff0081817207534415241e23dcd0a9796351cd8562adda25b75f7361e318689a793891a0a24b12c789373ee400b1000b9350e15205dece45c7d2b138969dfa28e02970f215ced645ead472df4bfb8954bb0551724d47145838b3b6adccd4b34b89900ea7eea8add438340ce03c8780a965799b339f71ece00ccc4f10b5b4642d284e4a2b66a02eefcc000563ee712d7e82dee482530caaff00dd63d6ec932eaae2b013049721e0f58dc3ef533af9cbf6b672ab4925c03f76b1800c43803a77e866014c526b1b7d0d3294622b0d3e6c3e773e6dc1344dc93d4fd9d9be924f96b1beb4ff00c506d9f1f22f51a60b120844b1142258b14239355cdf4358ec34710468d6c381ac3a09268d48b8beb58f8a28991512da12694e02302e19cdaa3181c45d163b1a9e2104a50ea3883dc9e548fce34923cbaa8007534011c4f95a626258868a353fa9a2ca38915c453c6c45d5d81a8262f756e23c9b37d249f2d637d664fe2a3c0cce331b28fd6b0986114b9b7aada5ac2b1feb2de029ff00c8c1df9e5bff0022b6725e566f845631f3e21fa0d2a2c1cd280da2af53587c26ea556dea1b5f415b4bd3afc9dc9e2493ce15d994707615b99394cd5b993f39ab70df9cd5d9d39b31fe69618d7828f233045249ac3292ed279366fa493e5a750db46c785c7fe56d22e0a0d72dab6723efb3e53972f1ac77ac3780ad9d25d1d3a1bd46830b0ccc7a935100f3206e05c5eb6897091817cbceb028e675600d803ad6d2f4cbf27739d2465190f88adfcc82cd1d76bfd9f5aed679475bf9dbcd8ea233fb605136e44d189a43790e9f08a000161e4d9a86d23f80158892f897753c1b43e1436892b6788351c7cb9d480028f6454d299a42e45aa09da07cc05f4b11588c63ce81328517a1a526d160a03c61a9b1f212b9542a83c073ac44e6770c56d616ee648009a4c446d7d6de359d0fb43fbace9f10a33c43db140822e08fb00d88a971c4c61235ca2d63ded9d505d8d0766d5534ea74a17e74f868db8694706dc9c57636f8c50c22f363491a47e68f2120024f7e9b0ecee58352f6a4d2c1856fa51c6135da7ac4d5da87c0f5da47e5b576863c226ade4c7845fd9a0273c720fad108babbdfc695f36a0103bf90791ab4bd56bf1ba255e6e895f8ff00b2b2ce7fd80780adcb1f3a56a58635d72ebd4ffccbffd9');
INSERT INTO "Posts" VALUES (28,333213,'שרב','28.06.2020',20,15,4,'שרב ההסעה הוא השכיח ביותר בישראל בעונות המעבר. שרב כזה מאופיין בזרימות דרומיות ומזרחיות בד"כ שמביאות עימן אוויר חם מהמדבריות. היות שבמדבר אין לחות – האוויר שמגיע הוא יבש מאוד. במצב כזה גם החוף מרגיש בשרב ולים כמעט אין השפעה עליו מלבד עצם היותו מקום מושלם להתקרר ולרחוץ בו בימי שרב.',X'ffd8ffe000104a46494600010100000100010000fffe003b43524541544f523a2067642d6a7065672076312e3020287573696e6720494a47204a50454720763632292c207175616c697479203d2038300affdb00430006040506050406060506070706080a100a0a09090a140e0f0c1017141818171416161a1d251f1a1b231c1616202c20232627292a29191f2d302d283025282928ffdb0043010707070a080a130a0a13281a161a2828282828282828282828282828282828282828282828282828282828282828282828282828282828282828282828282828ffc0001108014b028a03012200021101031101ffc4001f0000010501010101010100000000000000000102030405060708090a0bffc400b5100002010303020403050504040000017d01020300041105122131410613516107227114328191a1082342b1c11552d1f02433627282090a161718191a25262728292a3435363738393a434445464748494a535455565758595a636465666768696a737475767778797a838485868788898a92939495969798999aa2a3a4a5a6a7a8a9aab2b3b4b5b6b7b8b9bac2c3c4c5c6c7c8c9cad2d3d4d5d6d7d8d9dae1e2e3e4e5e6e7e8e9eaf1f2f3f4f5f6f7f8f9faffc4001f0100030101010101010101010000000000000102030405060708090a0bffc400b51100020102040403040705040400010277000102031104052131061241510761711322328108144291a1b1c109233352f0156272d10a162434e125f11718191a262728292a35363738393a434445464748494a535455565758595a636465666768696a737475767778797a82838485868788898a92939495969798999aa2a3a4a5a6a7a8a9aab2b3b4b5b6b7b8b9bac2c3c4c5c6c7c8c9cad2d3d4d5d6d7d8d9dae2e3e4e5e6e7e8e9eaf2f3f4f5f6f7f8f9faffda000c03010002110311003f0016a45a88548b5f9633f4244ab520a896a5159b290f5a9075a8d6a45eb59b289169e298b4f150c64829c298b4f150c63d69e2a35a9054301c3ad4829829e2a180fa72d329eb5003c52d3453aa58870a51d69a29c3ad2258f14a292945412394538520a514990c7014e5a6d3854923a9d4da75492385397a5329e3a52218f5a916a35a956b5819b1c29ea29aa2a402b6466d8a0548168515228ad1193622ad48ab4aa38a9156ad19b908169e129eab522ad3327222094bb2a60b4bb69732239cafb298c9568ad30ad3b8d4caa56a365ab4cb5132d2358c8acc2a322a7618a8d85266b16424531854a4546c2b366a991b5446a66a89ab199a448cd34f5a79a6375ac0d10c348694d21a65a1a6994e6a69aa45a1b4d634e34c3548b421a28a6b1aa45210d34d2d34d51484a4341a43548b1ad4c34e269a6a914869a63538d30d52010d46c69cd4c3568069a63538d31bad5a01a6a36a79a8dab4448c6a8cd3daa33568435aa26a918d46d5a22591b5329ed4cab4402d4ab512d48b431a254a90544b522d66ca448b522d440d480d66ca24534f15183520a9631eb520a896a4159b1a43c548b518a916a18ec3c53c5462a406a180e14e5a68a70352c1a1e2945341a70a9648e14b482945492c901a514c5a7d4b218e5a753053854b258f14a29a2941a449276a514d14e1d2a190c70a7af4a60a7af4a44b1eb52ad44b52ad5c0ca448b52ad46b522d74c4c6448b52a8a62d4c82ad18c98f515322d35054ea29b7630948156a554a7451963815a96d605802dc0f7adf0781c463e5cb456872d4aaa1b99ab113da97c93e95be9671a8e7269ff668bfbb5f454f846ab5ef4ecce578b47366223b54652ba57b389bb11552e34f38ca735c989e18c5d04e54fde2e18a8bdcc165a85d6afcd1143822aabad7809b8be59ab33b613b94dc540c2adbad57715474c595d8546d533544d59b37444d51354ad51375ae79b368919a61a79a8cd646a8434d3d6949a69e94d16869a69a534dab2d087a530d39a9a6a8b421c5309a73530d522908690d1484d522d0869a4d2934c35452421a4268269ac6a90c4634c34a69a6a900d63519a7134d3568069a635398d466ad00d351934f6a613568918d4c34e634c35a210c3d6a334f34c6ab44b236a6d29a6d688905a914d44b522d0c112a9a916a25a78acd9689569eb518a7a9a8632415203518a7a9a8632406a453c54429ea6a1944a29ea6a2069e2b3680945381a8c1a78a960480d385460d3c1a86807834f1518a70352c4c78a7034c14e152c91e29e0f151034f069325a1e29c0d3053854103c5385305385490c7ad3c54629f52c963853d4d305385490c916a55350835229a69d8cda275a952a053532d744198c89d2ac20aae95663ad5339e64e82ac44bb8802a14ad6d1e0124db98642f35ae1b0d2c662218787da671569f245b2fd8598440ee39ec2afd1457eb384c253c1d254a92d11e34e6e6eec28a28aea2428a28a00ab7b68b3212061ff9d73b7119472a4608aeb2b235b83812a8f635f1fc4f9546749e3292b4a3bf9a3af0b55a972b39f905567156e4aab257c3a7747b106577a81aa77a81ea64cea890bd44d523d44d5cb3776744461a61a73530d49aa10d318d38d30d522d0d3484d29a631ab45a4349a4a534c63548b42134d26949a69aa2d210d21341a693548a484269a6949a61aa450134c26949a6135490c09a6134a4d318d5a4210d309a52698c6ad20109a6134a4d318d5a40349e69869c6a36356909884d309a534c6356891a6a3634f6a89ab444b1a4d3334ad4ccd5922ad480d44a6a41430255a916a253522d66cb4480d3c546a69e0d431a25069c2a3534f150d148941cd3c546a69e2a18c914d3c544a6a406a1a024534f151034f06a1a192034f06a314e06a5a02414e14c14e06a1812034a2980d381a44343c5385301a5152268914d3ea2069e0e454b44343c1a7d4629ca6a590d120a72d301a70352c864829c2980d381a864b245a7a9a881a914d233689d0d4ca6aba1a990d6d066324594356a3aa686acc67a56e8e69a2e25749a2a0167bbbb1ae66335d3e8adbac547a122bdfe1649e6377fcaedf87e87958df80bf451457e947961451450014514500155efd03d9ca3d173f9558a82f982d9cc4ff74d72e3945e1aa296dcaff22a1f12b1c94bdeaa486acca6aa486bf1e87c28fa1a68824aaee6a690d5773533676411139a8cd398d46c6b94e88a1ad4c34a4d349aa46890d634c34a4d34d5a3448426986949a69aa45a42134c34a4d349ab45a421a4341a693548a02698694d34d51690869a4d2b1a8c9aa486069a6949a613548042698c6949a6935690084d4669cc6984d5a010d464d2b1a61ab42118d4669cc79a61ab484c46351934ac6984d5a44b109a8da949a631ab4896358d474e634cad12247035229a854d48a693044ca69e0d44a69eb50ca44a0d480d4429ea6a1948901a901a8853d4d434522506a45350834f5350c64a0d3d4d460d381a86325069c0d460d381a8680941a70351034f06a1a025534f06a1069e0d4b404a2941a6034e1522b12034ecd460d381a964b43c1a7034c14a0d492d12834e151034f152d10d12034e06a3069c0d4b44344a0d381a881a78352d12d12834f5351034e06a199b44ea6a546aaca6a556c1a69d8ce48b88d56236aa28d5611aba232b9cd389a11356e681701656858f0fc8fad7391bd5b8252acaca70c0e41aebc1e2e583c443110fb2fef5d57dc70d7a5cf1713b6a2a8e9da825d28562165c72bebf4abd5fad617154b174955a32ba7fd6be678538383b4828a28ae82428a28a002b275fb80908841f99b93f4abb7d789691ee73963f757d6b94bbb869a569243966af93e26cd614a93c1d37efcb7f25fe6ff2f91d984a0e72e77b22095aaac8dd69f23d5691abe02f63dc84463b540e69ced50b1ae79cee75c62358d46c6958d309a848d92109a631a526984d5a4689084d309a5634c3548d12034c634a4d309ab48b4842690d069a4d5245a404d309a5269a6a8a480d349a09a613549142134d268269a4d5a43026984d04d349aa4842134d63431a61356900134c634a4d464d52402134c634a4d318d5a42109a631a526a3635a244b109a631a71351b1ab484358d46c69cc6a326ad2218d26999a5634ccd68910c7a9a901a801a78343434cb0a69ea6a006a45359b45a27534f5350834f06a1a28981a78a841a78350d14993034f06a1069ea6a1a19329a78350034f5350d0c981a70351034e06a5a026069c0d440d381a86864c0d38544a69c0d4b404c0d3c1a841a78350d0128a70351034ea9b09a25069c2a2069c0d4b4434480d3c1a881a70352d12d128a70a881a7839a968868901cd3c1a841a78352d10d12834f06a1069c0d4b44b44c0d3d4d420d381a868cda2cab62a647aa8ad522b509b4652897e37ab11c959a8f53a495b467739e74cd58a62ac19490c3a115b36badba8c4e81ffda1c1ae6524a9565aedc263b118397361e7cb7fb9faad8e3ab868d4f891da43a95acab9f3429f46e2a7fb4438cf9d1e3fde15c389697cdafa2a7c5f898ab4e9a6fe6bfcce3797ae8ceca4bfb58c64ce87e873fcab36ef5b1c8b64ff008137f8573c65f7a8da5ae5c5714636bc7961682f2dfef7fa174f0104eef52ddcdcbcae5e462cc7b9aa7249513c9ef503c95f3b29b6dca4eed9e8c295b41eef503bd31dea266ac2552fb1d3180acd9a8d8d2335309a93751026984d04d309aa48d12026984d04d309ab48b4809a6938a09a6135691a2404d34d04d349aa48b4809a6134134d355629214d349a426984d5245d8526984d04d309ab48009a693484d349aa48009a6134134d26ad200269a4d216a6135690818d349a09a8c9aa48009cd309a526a3635690818d309a18d318d5a44813cd318d231a631ab4896231a8d8d2b1a898d68910c09a6e6919a999ad12218e56a901aaea6a453434099614d48a6ab83522b566d1689c1a901a801a78350d1689c1a70350834f06a1a289c1a70350834f06a1a1a260d4e06a2069c0d4b4326069e1aa0069e0d434326069e0d401a9e0d4b4326069e0d400d3c1a8680981a783508269eb9ed52d0c941a78350834e06a1a02706941a881a70352d0ac4a0d381a881a70353621a25069c0d440d381a9689689835381a841f4a706a968868981f534f1d2a0069c0d4b443893038a7835006a786cd4b44b44c0d3c35570d4f0d52d10e25856a955eaa86a7ab543466e25d592a4592a8ab53c3d35368c9c0ba25a5f36a96fa5df4fda327d9968cb4c692ab97a696347b46354c99a4a899e98587ad319bd0d4eacd144716a616a6134d2d5491a288e26985a9a5a9a4d52468a22934c2d485a9a4d5245a42934c26866a6135691690134d26826984d5a45a42934d26909a6935562d2149a6134134c26a9228526984d2134c635690c52d4d26909a616aa480526984d2134d26ad20149a613484d309aa4842934d2690b5309ab4842934c26909a631aa4842b1a6134134c6356912c4634c2682698c6ad21031a8d8d0c6a3635a244360c6a363431a8c9ad1221831a666919a9b9ab48962ab5480d5656a9035368499655aa4535595a9ead50d1699695a9e0d5656a903d66e252658069e0d570d4f0d50d1699654d381a815a9fb85434513034f0d5006a706a8687727069e1aab86a786a968ab9601a70355c353c3d4b88160353835570d4e0d52e232c06a7abf355c353835438816437b53c3fb5560d4f0d50e232c06a7a9aac1aa40dc54b8816334a0d41ba9c1aa1c444e0d3835401a9d9a56158981a70350834e0d52d12d13034e0d5086a70352d12d1306a7035006a706a9b12e24e1a9c1aa00d4e06a5a21c4b01bde9e1bd2ab86a706a97121c4b01a9dbaab86a5dd53ca47293eea5df506fa3752e517293eea696a8b7d26ea7ca35125269a5bdea22d4d2d4d44a51252c2a32d4cdd4d2d54a25288f2d4d26985a9a5aa944b511c5a9a4d349a6935691690e269a4d30b5349aa48b487134d269a4d34b5524524389a613485a985aa9218e26985a9a5a985aad218e279a616a696a61356900e269a4d34b530b5524038b5309a696a696ab48438b530b5359e985aa9210f26984d30b534b55a889b1c4d358d30b534b55289371c4d464d216a8cb55a42b8e2698cd4d2d51b355a44b62b1a6335233546cd5a244362b3544cd48cd4c66ad1221b158d337d319a9bbab44886c15aa456aa8ad522b62a9c49522d87a7ab55656cd3c3566e25291683548ad5555aa40d50e25a6590d5206aaa1a9c1eb3712948b8ad4e0def5503d3c3543896a45a0f4f0f5503d481aa5c47cc580d4e0d55c3538354b88d32c86a706aae1a9c1aa5c4ab964353835570d4e0d50e23b964353835570d4f0d52e23b960353c35560d4f0d50e232c86a706aac1a9e1ea5c46590d4e0d55c3538354388164353835570d4e0d52e232c06a786aae1a9c1aa1c4458cd2835086a706a9682c4c1a9c1aa10d4a1a9589e526069c1aa10d4a1aa6c4b89387a706a8035286a9e525c4b01a977541ba94352e527949b751baa2dd46ea5ca2e525dd485aa2dd49ba9f28f9494bd34bd465a93753511a88f2d4d2d4c2d4d2d54916a2485a9a5a985a909a761a88e2d484d30b537755245243cb530b534b530b552431e5a985a985a9a5aa944638b530b530b530b55a880f2d4c2d4d2d4c2d56a221e5a985a985a985aad442e3cb530b530b530b55288ae485a98cd4c2d4c2d56a226c796a616a616a696ab5125b1e5a985a985a985aa94496c796a696a8cb530b55a892d9216a8d9a985a985aad444e4399a98cd4c66a63355a890d8e66a6337bd319aa363eb5a2890e43d9aa366a633546cd56a24b90f66a66ea8d9a9bbab45121c8456a90355556a7ab55b899a916d5aa457aa8ad522b566e25a916c353c35540d522b543896996835383d570d4f0d50e2526590d4f0d5595a9e1aa1c4a4cb01a9e1aab86a706a8712932c86a706aae1a9e0d4b89572c06a786aac1a9e1aa1c4a4cb21a9c1aab86a786a868ab960353835570d4f0d52e23b9386a786aae0d3c1a96877270d4f0d55c35381a8712ae590d8a706aae1a9c1aa5c46590d4e0d55c3538354388164353835570d4e0d52e232c86a706aac1a9c1aa5c46590d4e0d5583538354b88164353835560d4e0d52e222c034a0d401a9c1aa6c16270d4bbaa00d4edd4ac4f292eea37545b851b852b07292eea4dd51eea4dd4ec1ca484d2135196a42d4ec3b12134d2d5196a696a7ca3242d4d2d5196a696aa5119216a696a8cb534b552881216a616a616a616aa5101e5a9a4d30b534b55a888716a616a696a616aa482e38b530b534b530b55a42b8e269a5a985a985aad226e3cb530b534b5309ab4896c716a616a696a616aa484d8f2d4c2d4c2d4c2d56a24dc90b5465a9a5aa32d56a24b63cb530b534b530b55a892d8e2d4c66a6b35465aad4496c716a61348cd513355a44363d9aa266a696a8d9ab45121b1ccd51b35359a98cd5a2890e42b353375319a9bbbdead44cdc8456a90355556a90355b89099643548ad5595aa40d50e25a65846ebf5a915aaaab726a556acdc4b4cb2ad522b5550d5206acdc4b4cb21a9c1aabab53c354345a6580d4f0d55c1a786a968a4cb01a9c1aab86a786a868a4cb01a9e1aab6ec53c354388ee580d4f0d5006a706a968a4cb01a9e1aab86a70350d149960353c35570d4e0d52d1572c06a7035006a78350d157270d4e0d50034e0d52d0d3270d4f0d55c3506403a9153ca3b9683538355657047ca41fa53c354b88ee590d4e0d55c3538354b43270d4e0d55c35383d4b88cb01a9c1aa00d4a1aa7940b01a9c1aab86a706a9710270d4e0d55c352eea5ca32c6ea4dd506ea5dd4b9409b7526ea8b7526ea394094b5216a8b75216a7ca0485a9a5aa32d4d2d54a20485a90b5465a9a5aa9444485a985a985a9a5aa9440796a696a616a696aa4843cb530b530b534b5524171e5a985a985a9a5aa9226e38b530b534b5309ab5113638b530b534b5319aad225b1e5a985a985a98cd54a24b6399a985a99bb8a696ad1448b8f2d4c2d4c2d4c66ab5126e3cb530b530b5465aa9444d9216a616a6934c2d56a24b63c9a8d9e985a985aad4486c716a8d9a9acd4c2d5a2890d8acd4c66a696a8d9aad4486c733546cd4d2d51b3568910d8e2d4cdd4d66a6eeab4886c6ab5367b94840de793daa356acaba63f6993eb5bc29f33d4c253e55a1bd6f3a48995618ce2a70fc64735cb86a915db180c71e99a72c3f982afe46ec3a8c4d80d9524f7ed57d5bbd72aa79adfb07cdac79cf4ef5956a4a2ae8d295572d197c35481aab034f2e154b1380064d72b89d29964353c35568e40ca194e41e73520359b8949960353c355532a21f99d47d4e29de6a000975c1e01cd4b8b2d48b40d3c3567c97d04699de1bd94826ab2eabb4b1652c33f2e0638a15194b6427562b766de7f9d3d5b3580757727e58d40f735241ab1ddfbc41b7fd9eb43c3cedb02af13755c12402091d40a59265890b3b00a2b2b4d9d25b9b9750416da707e954af1c9ba93249c31c66a550bcb9594eada3747456b74970a4c79e0f3915603573362e56e63c1201619e6b7bcf8d7ef3a8fa9acead2e57645d3a9ccb52d86a78358b7f7c11e2f25f76d277006aa0be97ce3282031e2a561e52571bac93b1d386a786ac983538d90eff9580cfd6a7b7bf865c0dc55bd0d652a525d0d5548bea6886a786acc9f508e304210ededd2ab0d524dc0ed5c7714951934375228b77f77224ad1a1da060e475aa625249dc7767d6a1b8b8f3a62e0633da915aba234f9518ca776695add98dc008bc9c715b21ab998db0ea7deba1dd5cb5e09346d4a57270d4e0d55c3738a786ae77136b9386a706aae1a9db800493802a7947727dd4e0d59ed78a24daa370f506ad2be403f8d0e0d6e0a572c06a706acfb8bb10b00549c8cf5aad2deb3ba952540ed9eb42a4d89cd236b752eeacb8afb24075033dc1e95755c32820e41a895371dca52bec4fba8dd50eea8de744e19867d334946e3b96b751baab09e33d1d7f3a70704641c8a396c17262d485aa2cd26ea2c0485a90b547ba9a5b155611216a4dd55dae2307ef8a76e0453e5b05c90b530b534b546f205524f6154a22b9296a696aaf1dc24a481907d0d3c9aae5b6e2bdf61c5a9a5a9a5a985aa9215c796a616a6934c26a9226e389a696a696a616aa4896c733546cd48cd4c2d56912d8a4d30b544d3a799b370dfe954ee35048c3000971c60f4ada34dbd91129a5b974b534b56235fca439df824f0001c5490ea6369f381cf6da3ad6dec24b532f6d166a16a6335501a944776ec803a7bd58495648c3a1c8349d371dd073a7b12134c2d8a616a6934d20b8e2d4c2d4d66a63355a443638b5465a919a98cd5a2892d8a5aa32d4d12061c1047b5319aad4486c733546cd4d76c0249e2a85cdfaa3a88f0e3b9cd6b08396c6529a5b974b546cd50fdae123ef814edc18020e41abe56b727993d85269b9a63b81c1207e355cdd460919e9ed56a2d99b9246725dca83e56ef9e698f21772c7a9a801a7835ddca91c7ccd9203520350834e0d49a1a64c0d68dadf2c36c1304b8ac90e09233c8a72b82783cd673a6a4accd23371d8d793522f1154528c71c83558dc4ac08323907af35501a78350a9c63b22dcdbdcb70dd4b083e5b9507b5585d4ae3fbe3f2159e0d28352e9c5ee86a6d752cbcad236e6624fa9a03920024903a0a801a786a39439898353835421a9d9e2a5a293260d4f56aaea69e0d4b45265cb79de263e5b15f5c53de63248ce7ab1cd530d4f0d50e0af72d4b4b1643fbd383e7bd5656a78352e25265806a40d55835481aa1a2932c06a786aac1a9e1aa1a2d32c87a50d55c37bd481854389499386a914d5656f7a903d4389699643e2a6fb4cadd6463f8d520d4e0d50e08a5235e3d45c0f98034f4d4cee3b93e5cf63d056386a787ac9d18f63455246a4d7cece7ca6213b71cd42d3336373138f53550353831a4a9a5b073b7b968354d14ec8d906b2cdc28653b86def53c728750c338344a9f71a9f63427b933302c318a607aaa24edde9c1aa392cac5735cb3bea4599d470ec07d6a999001c9e29dbc7a8a5c83e63412f1c6dc9dd8f7a85a4dcc49ef557ccf7a0c98192692a690f98b41eac4174621b71919ac8176a0f20d48970ac383d28952bad50299bcb728db46704f6a89af14363191eb9ac5372bc6d6fad48b286008ef59fb048af6b73464bd271b46d22abc9333e373671558bd34bfbd5aa696c273b9317f7ab36d738243b7ca07159c5ea192e151b041aaf67cda13cf63a05951feeb66b2e47cbb13cf35445e853f2961f4a90be46734468b803a9cc4be615395383524376caffbd62cbe954cbd30c83b915a7227b93cd62fcf7ac586c18507233517dbe5079da47a62a8bca01c161f9d34b823839fa552a4adb12ea335a0bd0e8e64da36fa1eb4dfb7c44f24e3e9590cd4c2d47b0889d565ebdbcf346d8f705efcf5a6c17fe5c7b5c3311ef540b542cd8ad9528dac66ea3bdcda8efe260379dac4e3152c8f842c39e335ce96e734b25cc8e72ce4d0f0eafa07b6ee4971334b21663c9f4aad2364d359b351b3e0135d318d8e794ae2b3715193558dd8feefeb51bdd8c70bfad6ea9b327345a2c4558875068a309b4103fc6b39260ea48ea3a8a19b1d6874d3d1894dad51b0daa47b7211b77a541fdaa79cc63db9acb66a69349508761bad2351b532cad8400f6e6a2b5bd21d84ee483d09ed59e5aa367c006ad518dad621d595ee6bdc6a0aac045f37a9aa5717d2382070a4608aa85b34c2d571a5144caac98ef318700903d33564ea4fb40dabbbd6b35e51838619a6abee00915aba69ee8cbda35b1664b9776662cc33e86a126a377551c915199d077ad143b10e5dc973c915a714a12d549e70b5846e06ee871486e17b669ca9390a35144bb7732cd26e5c800639aaf9aacf71c7ca3f3a87cd7fef5691a7a19b9dddc99e5dbf7706859ffbc315581a70ad79511cc4be61cf534a58b75c9a60eb4e14ac171ca4834e06980fa1a767d4d4949932ccd8a9a39baee35501e29c0d438a29499a01b8a1240d9f6aa39a7678a8e42f9cd1069b2c85318e7354c4cc0601a3713d6a793b95ce58fb4371d0521766392c6a014e069f2a42bb65e824f90966e73dcd5906b2c1ab0b3b0ebcd652876348ccbb9e2a37b8dac4015109f9e471513b65c9cf7a950ee539762ec3719386c01538993fbc3f3acc069c0d274d31a9b46b86a65c4ac8a369c64d528a6d8bebf8d3a59bcc038c62b3f67a9a73e84eb70f9196e3e95225cb639eb5441a7a9a6e084a6cd4b794ba7be6a6f3028e48159f6f2845209ef4934be6631dab174eecd54f434da555c6e38a4fb4283c1cfd2b24134e0d47b243f68cd46bb00743482f7fd8fd6b383538352f6483da334c5de509030698f72ec78240f6aa21a9c0fbd4fb348ae765d8ee1d7383d7d6a4fb549fdefd2a886a706a4e086a6cb01aa64b8755015b005530d4a1e9385c6a45b1336eddbb93dea413bff7dbf3aa41e9c1ea5c114a4cbbbf3c9e6938aac24e31479953c83e62d894af009c50d3161c9355779349ba9720f9cb3e65396423be2aa6fa50f47207316b7d39666047cc6aa6fa37d1c83e734d2e0a8c4879f6a56ba418c64d65eff7a37fbd47b243f6868fdad73d0d55b8977c848e9558bd216ab8d348973b92efab3f6b4c6307a56796a6eeaa74d3129b45d9ae5587cb907deab995bd4d405a9a5aaa30489736485f3de904acbca9c5425a90b0abe52398ba2e9420dc496f614d37698ef548b72698c6854d03a8cb6f7631c29351bdda90300e6a9b30a6135a2a48cdd465b6bb183f29cfd6abbcf939233f8e2a126984d68a0910e6d9319c63907f0634c7994e461ba7a9a859aa326b45044393158d309a09a8d8e6b448cdb1c242b903bd2194d464d349aa5125b249252fed51973ea6984d21356a24b64eb7040c633f8d46f292739c5444d349a6a284e4c97ed0e3dfeb4c7b87618e07d2a2269a4d528a27998acdce7bd3493484d349ab489149a6934134c26a922409a69341a69aa48902693348c69bf8d5887034f06a1debeb4e0e3d686809875a7838a8430a7061d3350d0c941cd2e6a20c3eb4f5653d29586992669c1aa3c8f5a2a6c55c94119e6a4078e955263c0c54a927c83349c74b85c9bf8854831e9551a5c118a734d9438e2a7958ee5a1f4a0553826209dc4e2acac8a467349c5a293261f5a77e350875f5a469829c0e4d472b2ae4e08f5a70231544ca58935224dc9cf4ed4dc18d48b9b80ea3f5a783ed59ef216ef4e599c0eb52e98f98d007da9c0fb7eb59fe7b11c9a7a4cc3be6a5d3652917c73db1520fad511719041c8a04ec3186350e0cae63433ef4138aa497047de19a94cebb73dfd2a5c1a29491637501aaaadc64e08a90caa39a5cac398b018d3c31aa6b70a4f434ff00380206693832948b61a9c0d51fb49cf4a9d64cae78a97068a522cee34a1aaaace0f5e2944ebb4fa8a9e4657322d87a706aa714bb94963d2905c0f4a5c8c7cc8bc1a9c1aa88b91dc1cd4ab282339a97063522d6fa5df54c5cae71cd39660dd052e463532d87a375549652abc119a7a4d94fa0a5c9d47cc58dc68dd5545c7cc462879f8183de8e461ce5adf4bbea924e4a9ddd690cc7cc001e28f661ce5edf417aa7e7e1b1da879805c839347b30e72d17a4df55167cae4f6a437036e7bfa53f66c5ce5b66a696aa2f704f03814e8e71b70c79aaf66c9e745a2d4d2def55649b29c1e698d31da31d69a83139a2d16a6eeaad24d95f94e0d41bcf2326ad5325ccbc5c004e7a544d3af3cd55de76e2984d5a812e65a12ab03ed49bc11c1154c9a61357ecc8e72e96a8fcc5638079aac252011ed511383c552a62722ccb284f734c3329f6aaecc58f279a8c9ab50466e45c6700726a37902ae7ad56662719ed4c24d52809c8b066041a8bcfc9e9509a69ad14110e4cb99a6e6aa6e20633c526e20119e0d1c82e62d1351bb85eb55c39539cd358e4e4d52812e4592734c6755ea6abef65e8698c7249354a02722d1618ce78a4cd55278a40e40c03c55720b98b1b86719e69acea3a9aaf9a4355ca2b931957d69a645f5a80d349aa5142b939917d69be6a7ad5734de6ab911371e0d3b34ccd381a6087034e06980d283486499f7a703e951d381a9631f9e69c18fa9a6034a2900fdc7d69e1bdea3a075a9b0c901a766a314ea4d00f14e06a3069c2a4a4480d2e6a304538114ac31c0d3c546314e04548c9052d372297229143e94534114a0d494480d381a8b75286a561dc941a766a2cd2e4d4d87724a5cf1d6a2c9a5c9a2c3b92034e06a2c9a7027d6a6c0481aa40c7f0a841a703ef49a293250697351fe34ecfbd4d8ab9206e297351e7de8a561dc94114eddef50834b9a560b92e452eea8b2297752b0ee3cbe7ad38391d09a87751ba8b05c9771cf5346ea8b751ba8b05c93751baa3dd46ea2c1725dd49baa2dd4668b05c977521351eea42d4ec2b8f2c29375464d216a7615c937526ea8f7526ea7615c933484d479a4cd3b0ae484d34b5309a6934d215c7134d269a4d349aa484d8a4d349a42d4d26ad225b0269a4d2134d26a9225b149a631a0934d35562409a693487eb4d23dea922409a4cd14d3556136069a4d04d349aa48910d2505a9849aa10ea4a6e4d253b0877414dcd07a5309a6900a69a48a6934d3569085634dcfd290d27e22a9210f069c0fd2a3069c0d2b0c783f4a70351834ecd2b0c7e69e0d460d381a9603c7d69c2980d381a918ea514da5cd201e2945301a50690c9052f14d0696a58c7538014c14ecd21a63c629c3151834e06a5a192022941151834b536192834e06a2069c0d2b0d31f9a5cd3334b4ac55c901a50d51834b9a561926ea334ccd19a560b8fdd4e0d51834e06958698f0d4e06a306941a562ae4a0d3b3516697754d87725dd466a306941a560b9286a5cd459a5cd2b0ee499a334ccd19a2c1724cd266999a4cd161dc933ef485a999a33458571fba9775479a4cd160b926ea0b5479a09a2c171dba8df4ccd2134ec21e5a9a5a985a9335560b8fdd46ea6668cd1610ecd1ba999a334ec02934d24d04d349a6909b149a631a09a6935491204d349a09a69355625b024d349a33484d31084d349a18d349aa4890269a4d04d21aa13604d349a09a693556244269a4d06909aa1084d349a09a69354908526933499a4aa0149e3ad30fd6949a69a680434d34a6986a9213034da5269335421f4a2900a5a9603853a9b4a290c78a506994e15231e29c29829c29301c29c2994ea918ecd2e69b4a290c7669c0d32941a40494a29829d52c63a94537f1a50690d120a5cd460d381a96863b34e069829452b0c901a5a6669734863e96999a334ac3b92514ccd283458771e29c2a3cd3854b4324a334ccd19a5618f069734c06968b05c7834ecd4628cd2b0ee4b9a5cd459a334ac324cd2e6a3cd2e695807e68cd333ef4668b0ee3f3466999a4cd160b92669334ccd19a2c171f9a4cd373499a7615c7eea693499a4a7615c526933484d2669d8571d9a334da28b05c7669334da4cd1610e269a4d2134869d8009a69341a69aa4896c5269a4d21a435420cd213484e29a4d348404d349a09a4aa44dc334d26949a69aa4210d3694d34d5080d34d29e94d34d08434c269c7eb4d35484267da909a53486a806934d269c69ad4d00869a7da949a69354210d3694d2734c43c1a70fad460d381a007fe34a299934e06a463c1a70351e69c0d2b01203ef4a0d460d381a9686480d381a8c1a507daa6c0480d2e69809a50695863f34b9a6d14863c1a5069b9a5cd201e0d2e6980fb53b349a18e14a0d341f6a5cd48ee3c1a70a666941a431f4b4d068cd4d863f340a6834b9a0078a514ccd2e4d2192514d0697348771d9a29052d218b4e0699452b0c93345329734ac171d9a29b9a33400fa2933499a063a8a6e68cd0171f49499a33405c5a2933499a00752526693340876692933499a2c02f1499a33484d301734669a4d2669d8571d9a334ccd2e69d85702690d04d213ef4001a69a09a6934c902690d04d21354900869a6949a693544b6069b4b484d34210f4a69a5269a4d50829a6826909a60069a4504d2126a921098a42b41269bcd310bd29a4fbd069ad54004fbd349f7a0d349aa484c323de9a714b9a6d5080d2668349f88a6014a29b4a28603c1a5069829c2900f14b4d14e152343a9c0d3053854b18e069c0d305387b5201e29453475a5a9b00edc07538a0ba8eac3f3aced41cef5507a554c9f5ad6347995cca55795d8dbf3e307efafe74a268c9fbebf9d61d19a7ec17717b6f2378489fde1f9d3c383d08ae7f3ef4a188ee697b0f31aade474218114eae784ae3a330fc69eb7328e9237e752f0efb94ab237f34b9ac34be980fbc0fd456adb4be6c2afdcf5aca749c7566919a96c58cd2834c068acec5dc901a5069809a5069586480d00d341a5a9b0c7834ecd460d28348648297351e4d2e4d2b0c7e68cd379a334582e3f3466999a514582e3b34669b4b4ac3b8ecd14dcd2d160173466928a431734b9a6d145805cd19a6e69334ec2b8ecd19a6e68a2c171d9a4cd368cd3b0ae2e68cd36929d82e3a909a4a4a042934669b45021c4d266909a4a760026909a334d34d200cd349a53494c91a690d2d21aa42109a4a0d2550843498a2929801a69a5269a4d3109484fbd04d309aa48429a4a439a434c00914d268349556108585349a0e292a9005264504d34d310a48ed499149499a7600069c29a29474a603a945341a51d6a4070a7034d069c0d21dc7034a0d3474a5a918f045381a60a5a403f34e1518a70a4065dd1cceff5a8aa6bb1fbf6a86bae3b238a7f13168a4a5a620a5a4a290c75145141419ad6d28e6161e86b26b534bff52df5ac6b7c26b4be23428a68a7571b4748ecd14da3348698f069c0d3052d218fcd283518a70a5618fcd2e6994b4807668cd368a007834669a28a06381a766a3a5ed480933466994a2900ecd2e699451618ecd2669b453b08713499a69a2801734669290d003a90d069a6810b46690f4acd9e7904b80e40ab8c3984dd8d3cd264562cf712e7ef9aaed712ff00cf46ad561dbea43a891d0961eb485d47f10ae74cb21eaedf9d34bb1eac7f3abfab7993ed8e8cc89fde14c69a31d5c573bb8fa9a327d69fd597717b63a037117f7d693cf88ff18ae7f3466abeaebb93edbc8e80cd1e33bc7e748b346df75c573e49a01207068fabaee2f6de4743bbde909ac2591c7463f9d482693fbe697b07dca551335cd266a2818b44093934facad6d0b149a4cd2669334c009a69a53d2986a9210134c34a7ad36a900b4d341a4ef4c04a42695bb534f7aa1310d21a29a6988534945276a602134945266988ffd9');
INSERT INTO "Posts" VALUES (33,333413,'תת שאילתה ב-SQL','28.06.2020',45,30,3,'SELECT   first_name , last_name , salary  
 
FROM     employees      
 
WHERE    salary >   
 
                     (SELECT salary 
 
                      FROM   employees 
 
            WHERE  employee_id = 54)',NULL);
INSERT INTO "PostsLabels" VALUES (28,17);
INSERT INTO "PostsLabels" VALUES (13,7);
INSERT INTO "PostsLabels" VALUES (20,15);
INSERT INTO "PostsLabels" VALUES (20,3);
INSERT INTO "PostsLabels" VALUES (20,4);
INSERT INTO "PostsLabels" VALUES (24,13);
INSERT INTO "PostsLabels" VALUES (24,19);
COMMIT;
